Z,A,n,level_MeV
21,45,1,0x1.25604189374bcp+0
21,45,2,0x1.3cab7bd33449fp-2
21,45,3,0x1.197bfc49f5971p-3
21,45,4,0x1.3cab7bd33449fp-4
21,45,5,0x1.9556610e5768ep-5
21,45,6,0x1.197bfc49f5971p-5
21,45,7,0x1.9d9c0f71e6414p-6
21,45,8,0x1.3cab7bd33449fp-6
21,45,9,0x1.f46aa411b49acp-7
21,45,10,0x1.9556610e5768ep-7
21,45,11,0x1.4efd568f06a71p-7
21,45,12,0x1.197bfc49f5971p-7
21,45,13,0x1.dfb072dbf451bp-8
21,45,14,0x1.9d9c0f71e6414p-8
24,52,1,0x1.78d4fdf3b645ap+0
24,52,2,0x1.9dbfead87f1d6p-2
24,52,3,0x1.6fc709a3ff369p-3
24,52,4,0x1.9dbfead87f1d6p-4
24,52,5,0x1.08ccbf42e0b6ap-4
24,52,6,0x1.6fc709a3ff369p-5
24,52,7,0x1.0e3430e0fa328p-5
24,52,8,0x1.9dbfead87f1d6p-6
24,52,9,0x1.46e9cfae38308p-6
24,52,10,0x1.08ccbf42e0b6ap-6
24,52,11,0x1.b5af8411736d6p-7
24,52,12,0x1.6fc709a3ff369p-7
24,52,13,0x1.395f5e8ec440bp-7
24,52,14,0x1.0e3430e0fa328p-7
26,56,1,0x1.b53f7ced91687p+0
26,56,2,0x1.e5a824b1462d1p-2
26,56,3,0x1.afb1e7ba057d6p-3
26,56,4,0x1.e5a824b1462d1p-4
26,56,5,0x1.36d20300d0c0bp-4
26,56,6,0x1.afb1e7ba057d6p-5
26,56,7,0x1.3d29e3b7b071p-5
26,56,8,0x1.e5a824b1462d1p-6
26,56,9,0x1.7fba95172153p-6
26,56,10,0x1.36d20300d0c0bp-6
26,56,11,0x1.00e0571c2d94bp-6
26,56,12,0x1.afb1e7ba057d6p-7
26,56,13,0x1.6fd5b1c157fdcp-7
26,56,14,0x1.3d29e3b7b071p-7
29,63,1,0x1.0a5e353f7ced9p+1
29,63,2,0x1.2e2aa8f3c5511p-1
29,63,3,0x1.0c97b29fcbd64p-2
29,63,4,0x1.2e2aa8f3c5511p-3
29,63,5,0x1.82c5f6fa962a5p-4
29,63,6,0x1.0c97b29fcbd64p-4
29,63,7,0x1.8aaaa86d6a35ap-5
29,63,8,0x1.2e2aa8f3c5511p-5
29,63,9,0x1.dd7f76716a608p-6
29,63,10,0x1.82c5f6fa962a5p-6
29,63,11,0x1.3fa5b912cc801p-6
29,63,12,0x1.0c97b29fcbd64p-6
29,63,13,0x1.c9b84a2709918p-7
29,63,14,0x1.8aaaa86d6a35ap-7
32,74,1,0x1.3cccccccccccdp+1
32,74,2,0x1.700419aab31bfp-1
32,74,3,0x1.472016d09f354p-2
32,74,4,0x1.700419aab31bfp-3
32,74,5,0x1.d70f7d03749eap-4
32,74,6,0x1.472016d09f354p-4
32,74,7,0x1.e0ac8a0386ac5p-5
32,74,8,0x1.700419aab31bfp-5
32,74,9,0x1.22c730b97112fp-5
32,74,10,0x1.d70f7d03749eap-6
32,74,11,0x1.854e6315e5ab5p-6
32,74,12,0x1.472016d09f354p-6
32,74,13,0x1.16bbe90696cdfp-6
32,74,14,0x1.e0ac8a0386ac5p-7
38,88,1,0x1.a95810624dd2fp+1
38,88,2,0x1.038b16e0bbd58p+0
38,88,3,0x1.cd690c3a317b9p-2
38,88,4,0x1.038b16e0bbd58p-2
38,88,5,0x1.4c3727860f25cp-3
38,88,6,0x1.cd690c3a317b9p-4
38,88,7,0x1.52fecf839211ap-4
38,88,8,0x1.038b16e0bbd58p-4
38,88,9,0x1.9a247ca581516p-5
38,88,10,0x1.4c3727860f25cp-5
38,88,11,0x1.128ee78a4bfd6p-5
38,88,12,0x1.cd690c3a317b9p-6
38,88,13,0x1.8927851de47b7p-6
38,88,14,0x1.52fecf839211ap-6
40,90,1,0x1.d04189374bc6ap+1
40,90,2,0x1.1f9742dc1ca87p+0
40,90,3,0x1.ff45cc31fa0fp-2
40,90,4,0x1.1f9742dc1ca87p-2
40,90,5,0x1.701dc638769a3p-3
40,90,6,0x1.ff45cc31fa0fp-4
40,90,7,0x1.77a0fe82c22a6p-4
40,90,8,0x1.1f9742dc1ca87p-4
40,90,9,0x1.c676ee65500d5p-5
40,90,10,0x1.701dc638769a3p-5
40,90,11,0x1.303a7545efc54p-5
40,90,12,0x1.ff45cc31fa0fp-6
40,90,13,0x1.b3a3fe45d99cbp-6
40,90,14,0x1.77a0fe82c22a6p-6
41,93,1,0x1.e3b645a1cac08p+1
41,93,2,0x1.2e2996bfef73fp+0
41,93,3,0x1.0c96bee37f838p-1
41,93,4,0x1.2e2996bfef73fp-2
41,93,5,0x1.82c497ffead1dp-3
41,93,6,0x1.0c96bee37f838p-3
41,93,7,0x1.8aa942490ef58p-4
41,93,8,0x1.2e2996bfef73fp-4
41,93,9,0x1.dd7dc522a9cd5p-5
41,93,10,0x1.82c497ffead1dp-5
41,93,11,0x1.3fa497020c1d9p-5
41,93,12,0x1.0c96bee37f838p-5
41,93,13,0x1.c9b6aacae263ep-6
41,93,14,0x1.8aa942490ef58p-6
44,102,1,0x1.0f2b020c49ba6p+2
44,102,2,0x1.5c095ebb41567p+0
44,102,3,0x1.355da98a01306p-1
44,102,4,0x1.5c095ebb41567p-2
44,102,5,0x1.bd7ca2375ddf4p-3
44,102,6,0x1.355da98a01306p-3
44,102,7,0x1.c694133db89abp-4
44,102,8,0x1.5c095ebb41567p-4
44,102,9,0x1.12fdec08e49cdp-4
44,102,10,0x1.bd7ca2375ddf4p-5
44,102,11,0x1.702bc36b1ceb5p-5
44,102,12,0x1.355da98a01306p-5
44,102,13,0x1.079a0820c2e82p-5
44,102,14,0x1.c694133db89abp-6
46,104,1,0x1.22fec8cc8b7cdp+2
46,104,2,0x1.7c674cd526c98p+0
46,104,3,0x1.5222eef65b5dcp-1
46,104,4,0x1.7c674cd526c98p-2
46,104,5,0x1.e6ea9fc927685p-3
46,104,6,0x1.5222eef65b5dcp-3
46,104,7,0x1.f0da83b322fccp-4
46,104,8,0x1.7c674cd526c98p-4
46,104,9,0x1.2c90d46934c52p-4
46,104,10,0x1.e6ea9fc927685p-5
46,104,11,0x1.92690b7594ee9p-5
46,104,12,0x1.5222eef65b5dcp-5
46,104,13,0x1.201dc409f5fe2p-5
46,104,14,0x1.f0da83b322fccp-6
46,105,1,0x1.22fec8cc8b7cdp+2
46,105,2,0x1.7c685060e23f6p+0
46,105,3,0x1.5223d5ab73c69p-1
46,105,4,0x1.7c685060e23f6p-2
46,105,5,0x1.e6ebec012198dp-3
46,105,6,0x1.5223d5ab73c69p-3
46,105,7,0x1.f0dbd6b2c9776p-4
46,105,8,0x1.7c685060e23f6p-4
46,105,9,0x1.2c91a17bf5224p-4
46,105,10,0x1.e6ebec012198dp-5
46,105,11,0x1.926a1e052a937p-5
46,105,12,0x1.5223d5ab73c69p-5
46,105,13,0x1.201e889e35349p-5
46,105,14,0x1.f0dbd6b2c9776p-6
46,106,1,0x1.22fec8cc8b7cdp+2
46,106,2,0x1.7c694e5abf47ap+0
46,106,3,0x1.5224b76d1bcdep-1
46,106,4,0x1.7c694e5abf47ap-2
46,106,5,0x1.e6ed3117ff14p-3
46,106,6,0x1.5224b76d1bcdep-3
46,106,7,0x1.f0dd226c13f51p-4
46,106,8,0x1.7c694e5abf47ap-4
46,106,9,0x1.2c926a2818b7p-4
46,106,10,0x1.e6ed3117ff14p-5
46,106,11,0x1.926b2ab064cabp-5
46,106,12,0x1.5224b76d1bcdep-5
46,106,13,0x1.201f48fa81ba1p-5
46,106,14,0x1.f0dd226c13f51p-6
46,108,1,0x1.22fec8cc8b7cdp+2
46,108,2,0x1.7c6b3d1814362p+0
46,108,3,0x1.52266f31d913bp-1
46,108,4,0x1.7c6b3d1814362p-2
46,108,5,0x1.e6efaa5c42d4ap-3
46,108,6,0x1.52266f31d913bp-3
46,108,7,0x1.f0dfa89cd67afp-4
46,108,8,0x1.7c6b3d1814362p-4
46,108,9,0x1.2c93f10fdd66dp-4
46,108,10,0x1.e6efaa5c42d4ap-5
46,108,11,0x1.926d360cc7198p-5
46,108,12,0x1.52266f31d913bp-5
46,108,13,0x1.2020bfb14a629p-5
46,108,14,0x1.f0dfa89cd67afp-6
46,110,1,0x1.22fec8cc8b7cdp+2
46,110,2,0x1.7c6d1a0aa788fp+0
46,110,3,0x1.52281725ea40dp-1
46,110,4,0x1.7c6d1a0aa788fp-2
46,110,5,0x1.e6f20cda700b7p-3
46,110,6,0x1.52281725ea40dp-3
46,110,7,0x1.f0e21790873abp-4
46,110,8,0x1.7c6d1a0aa788fp-4
46,110,9,0x1.2c9569e8d039ap-4
46,110,10,0x1.e6f20cda700b7p-5
46,110,11,0x1.926f2e96e83c4p-5
46,110,12,0x1.52281725ea40dp-5
46,110,13,0x1.202228ee51725p-5
46,110,14,0x1.f0e21790873abp-6
47,107,1,0x1.2cf95dad31fccp+2
47,107,2,0x1.8d227dff3d201p+0
47,107,3,0x1.6102371bc48e4p-1
47,107,4,0x1.8d227dff3d201p-2
47,107,5,0x1.fc551c27fc52p-3
47,107,6,0x1.6102371bc48e4p-3
47,107,7,0x1.035a71a176493p-3
47,107,8,0x1.8d227dff3d201p-4
47,107,9,0x1.39c9148a75d3dp-4
47,107,10,0x1.fc551c27fc52p-5
47,107,11,0x1.a41c06580de27p-5
47,107,12,0x1.6102371bc48e4p-5
47,107,13,0x1.2cc9d7192cc8p-5
47,107,14,0x1.035a71a176493p-5
49,115,1,0x1.410624dd2f1aap+2
49,115,2,0x1.afaf36119142dp+0
49,115,3,0x1.7fb8300f9d90cp-1
49,115,4,0x1.afaf36119142dp-2
49,115,5,0x1.14472cd80b0c1p-2
49,115,6,0x1.7fb8300f9d90cp-3
49,115,7,0x1.19ea963fb7ae4p-3
49,115,8,0x1.afaf36119142dp-4
49,115,9,0x1.5515800de1643p-4
49,115,10,0x1.14472cd80b0c1p-4
49,115,11,0x1.c8a86bf931fecp-5
49,115,12,0x1.7fb8300f9d90cp-5
49,115,13,0x1.46f4cc8c8c50ep-5
49,115,14,0x1.19ea963fb7ae4p-5
53,127,1,0x1.696872b020c4ap+2
53,127,2,0x1.f9165ab71d945p+0
53,127,3,0x1.c0f76d148c121p-1
53,127,4,0x1.f9165ab71d945p-2
53,127,5,0x1.434181bcdfbb1p-2
53,127,6,0x1.c0f76d148c121p-3
53,127,7,0x1.49da5a96eebeep-3
53,127,8,0x1.f9165ab71d945p-4
53,127,9,0x1.8f14d2bcee48fp-4
53,127,10,0x1.434181bcdfbb1p-4
53,127,11,0x1.0b2753f2d6857p-4
53,127,12,0x1.c0f76d148c121p-5
53,127,13,0x1.7e8d24e594219p-5
53,127,14,0x1.49da5a96eebeep-5
55,133,1,0x1.7dd2f1a9fbe77p+2
55,133,2,0x1.0ff961e44f633p+1
55,133,3,0x1.e38275241b5bp-1
55,133,4,0x1.0ff961e44f633p-1
55,133,5,0x1.5c207d4d326a8p-2
55,133,6,0x1.e38275241b5bp-3
55,133,7,0x1.633b4663ab9bbp-3
55,133,8,0x1.0ff961e44f633p-3
55,133,9,0x1.adc94bae51347p-4
55,133,10,0x1.5c207d4d326a8p-4
55,133,11,0x1.1fb54c0d05b3p-4
55,133,12,0x1.e38275241b5bp-5
55,133,13,0x1.9bfc08ecc7065p-5
55,133,14,0x1.633b4663ab9bbp-5
60,142,1,0x1.b2c083126e979p+2
60,142,2,0x1.43b07144f29efp+1
60,142,3,0x1.1fb9483d4970dp+0
60,142,4,0x1.43b07144f29efp-1
60,142,5,0x1.9e527c81368ep-2
60,142,6,0x1.1fb9483d4970dp-2
60,142,7,0x1.a6c71bc7c4babp-3
60,142,8,0x1.43b07144f29efp-3
60,142,9,0x1.ff824789661dfp-4
60,142,10,0x1.9e527c81368ep-4
60,142,11,0x1.566a40d057669p-4
60,142,12,0x1.1fb9483d4970dp-4
60,142,13,0x1.ea5278139cf6dp-5
60,142,14,0x1.a6c71bc7c4babp-5
79,197,1,0x1.3ce4b2df734bp+3
79,197,2,0x1.18a36720f2184p+2
79,197,3,0x1.f2e99ae53c9cep+0
79,197,4,0x1.18a36720f2184p+0
79,197,5,0x1.67378e3ea6857p-1
79,197,6,0x1.f2e99ae53c9cep-2
79,197,7,0x1.6e8c48013c349p-2
79,197,8,0x1.18a36720f2184p-2
79,197,9,0x1.bb7a50cbc419bp-3
79,197,10,0x1.67378e3ea6857p-3
79,197,11,0x1.28dfa1fcc4dc5p-3
79,197,12,0x1.f2e99ae53c9cep-4
79,197,13,0x1.a91be06261172p-4
79,197,14,0x1.6e8c48013c349p-4
81,205,1,0x1.471a9fbe76c8bp+3
81,205,2,0x1.2708c9d2d0756p+2
81,205,3,0x1.0640b3660ea14p+1
81,205,4,0x1.2708c9d2d0756p+0
81,205,5,0x1.79a4d95fc325ap-1
81,205,6,0x1.0640b3660ea14p-1
81,205,7,0x1.8159d895f6266p-2
81,205,8,0x1.2708c9d2d0756p-2
81,205,9,0x1.d23a227c8bc95p-3
81,205,10,0x1.79a4d95fc325ap-3
81,205,11,0x1.381a38efef8f3p-3
81,205,12,0x1.0640b3660ea14p-3
81,205,13,0x1.beea78ea82f78p-4
81,205,14,0x1.8159d895f6266p-4
82,208,1,0x1.4cbf586d2e062p+3
82,208,2,0x1.2e5dd39ff4d99p+2
82,208,3,0x1.0cc52de3844fap+1
82,208,4,0x1.2e5dd39ff4d99p+0
82,208,5,0x1.830775479fcedp-1
82,208,6,0x1.0cc52de3844fap-1
82,208,7,0x1.8aed7ce5d216fp-2
82,208,8,0x1.2e5dd39ff4d99p-2
82,208,9,0x1.ddd0519479711p-3
82,208,10,0x1.830775479fcedp-3
82,208,11,0x1.3fdbd9853e412p-3
82,208,12,0x1.0cc52de3844fap-3
82,208,13,0x1.ca05cbedc1aa8p-4
82,208,14,0x1.8aed7ce5d216fp-4
