run,Z,A,setting,loggrid_step,uehling_steps,energy_tol,rc,err_bytes,wall_s,input_sha256
Be9_g0u0050,4,9,g0u0050,0.005,50,1e-07,0,0,0.619,f8eae9563a0a83cb41dbaebdad691bb0275dbfbe63d99fb79f3c69cee8801392
Be9_g0u0100,4,9,g0u0100,0.005,100,1e-07,0,0,1.120,d86e7adba5b37404ba18e2e28eab37bcf70e2e4819255b48da9aa16204b55183
Be9_g0u0150,4,9,g0u0150,0.005,150,1e-07,0,0,1.570,e0311814e6c1eddfe69556aaab819631554ab495b23a442954c77055a45e5b74
Be9_g0u0200,4,9,g0u0200,0.005,200,1e-07,0,0,2.226,386bbdeb6f2edc20ce36204ec6ae326e87ec4c5c862fe49fc2a49223712fed07
Be9_g0u0250,4,9,g0u0250,0.005,250,1e-07,0,0,2.430,df40a51abf906bb15bdc1a25424496d64d0022ec833ad95bd5a44b50e1a95c11
Be9_g0u0300,4,9,g0u0300,0.005,300,1e-07,0,0,3.430,d5b798e50630009e970a3eb8bf23a8d16ab1b8d62072d0d3c83a4097d3cc9d24
Be9_g0u0350,4,9,g0u0350,0.005,350,1e-07,0,0,3.778,e15aaa36ae19ff8bf10e91554889e502b7632785ab03e77d9f554555448d9fbc
Be9_g0u0400,4,9,g0u0400,0.005,400,1e-07,0,0,4.128,e65e34695cff7f26577fba6104d27d6be157d7cc0887117fb5033da5939b3697
Be9_g0u0450,4,9,g0u0450,0.005,450,1e-07,0,0,4.581,52cff729ba6230d10428b315de9a3b1e6a1edb3403f941bed1ac7d74acab0cfd
Be9_g0u0500,4,9,g0u0500,0.005,500,1e-07,0,0,4.980,e76bb9fabc08a42ced907ae40a5d3f3372d74c6b1060b9ad139740a3a9dd45ce
Be9_g0u0550,4,9,g0u0550,0.005,550,1e-07,0,0,4.483,773f46a3d2af777b9b77b561c0b9bd29f541b338812fe279a6200ddb8b95f2e5
Be9_g0u0600,4,9,g0u0600,0.005,600,1e-07,0,0,6.494,2faa05d01eb1b9318b48ed638190faa1d678715b50c268282d1dc7341e82c636
Be9_g0u0700,4,9,g0u0700,0.005,700,1e-07,0,0,6.389,4c3fdda9f4edc09b6277e9c543f41dad2a2035dca58ea6f407c2051572e4ef82
Be9_g0u0800,4,9,g0u0800,0.005,800,1e-07,0,0,8.241,5a12d16615600872a3d3ad3d9b331c105275d6c9578c2fc2af65e68ed5cc4c88
Be9_g0u0900,4,9,g0u0900,0.005,900,1e-07,0,0,7.491,417814845a245a8abb2ea03eea62f05df25ae1ae4c1c50df94c099853f5a1c73
Be9_g0u1000,4,9,g0u1000,0.005,1000,1e-07,0,0,9.850,a0bfe590b83542bc6bbdd51267fb90dc9edd623eaa9927160587d30eaf2ff499
Be9_g0u1100,4,9,g0u1100,0.005,1100,1e-07,0,0,11.711,af5ac6043b94dc69239d61861ac87edc3a1283b4c0b21c363519e98f63a82282
Be9_g0u1200,4,9,g0u1200,0.005,1200,1e-07,0,0,10.202,9479abe792b69c190dd1910df313c7d926d89ddc66294b622f9b21173dc5f8fc
Be9_g0u1300,4,9,g0u1300,0.005,1300,1e-07,0,0,12.856,46024e5a1e6d6248c2b00d9bcba3ee207376a547c6686486c0c6d5550689a2ef
Be9_g0u1400,4,9,g0u1400,0.005,1400,1e-07,0,0,12.412,806ea92e66b4a0c00a1e384543128358c233d122f3cbe0181a93406da211a388
Be9_g0u1500,4,9,g0u1500,0.005,1500,1e-07,0,0,15.029,5c0889b5514a9384fdf496d13573e406fd9ef305afa01637e1c08336cfa96145
Be9_g0u1600,4,9,g0u1600,0.005,1600,1e-07,0,0,20.306,9c93975fded44025ef893641096bb738491b9ad0abdbe0e7634aba174bb0a125
Be9_g0u1700,4,9,g0u1700,0.005,1700,1e-07,0,0,16.184,d602e3a33f3a704f637700d93c79f08e408d4e17811f5aece5c4576203b8723d
Be9_g0u1800,4,9,g0u1800,0.005,1800,1e-07,0,0,16.627,c72e92e844f8a78d131ca48cedd43d4b7b8a506794db34f882ce6a4efce8fb3b
Be9_g0u1900,4,9,g0u1900,0.005,1900,1e-07,0,0,14.080,502c3e0ce529ffae2b76fe7426ff66eb407087bfeb0bb7f6ca7ac94fe883c8dd
Be9_g0u2000,4,9,g0u2000,0.005,2000,1e-07,0,0,15.987,54048eea150e8a690a928dba58b3e5291e602084c94af7e1733940387744c98f
Be9_g0u2100,4,9,g0u2100,0.005,2100,1e-07,0,0,18.934,05cd7d8d0012f1c8d6a8ba1b5fc81e3d1b8c6bc4cd9c263e81a07b97b177b6a9
Be9_g0u2200,4,9,g0u2200,0.005,2200,1e-07,0,0,21.250,ba95c7f2e0aeb2c5ad9784acd4b1bb6c05123d66c556ea79a6889c119c0db807
Be9_g0u2300,4,9,g0u2300,0.005,2300,1e-07,0,0,16.743,2f22e1dbe91c553a8aaa84573245176e7e0536cca165a8a812f9d116b0262a8f
Be9_g0u2400,4,9,g0u2400,0.005,2400,1e-07,0,0,20.253,25bed5bb06becfc195a395bae679d8cb94fbd63e67d769966f2cf7c20b96f3f0
Be9_g2u1000,4,9,g2u1000,0.00125,1000,1e-07,0,0,26.086,e5ef153f08284edd5c53ae44c815e33a3c92533e19f2a6fce6fc0dbf841d24ab
C12_g0u0050,6,12,g0u0050,0.005,50,1e-07,0,0,0.669,fc2f5d7c95bd827d2f33df88c7cfe2cefc8b088918dbf84d59d08c1a448112d3
C12_g0u0100,6,12,g0u0100,0.005,100,1e-07,0,0,1.123,0deabf0851cb84f769a9a43257570a3f64001c7b8cfc55b8cac7f0f93f6ba2ee
C12_g0u0150,6,12,g0u0150,0.005,150,1e-07,0,0,1.771,0850b42604d8bc104e9cb99dcd73a86f0bb109e58e274d4b9cd8794715784c18
C12_g0u0200,6,12,g0u0200,0.005,200,1e-07,0,0,2.375,f31cb630fc51d1f9b77ce9f7a6ce82663089d578695c63d812bf5f0c47bcad6c
C12_g0u0250,6,12,g0u0250,0.005,250,1e-07,0,0,2.572,181b165dadc10e7b0f7df7e0fdd5be3ef52a1d23d3ead1aeeec488d1a40d4c9e
C12_g0u0300,6,12,g0u0300,0.005,300,1e-07,0,0,3.630,4cf037667cb2b7f3822dd7b45f2502c007090b0c56a00955d2f168fdb4a9b7bb
C12_g0u0350,6,12,g0u0350,0.005,350,1e-07,0,0,4.128,84c389ee76caaf5f2c141033f418439d4d54502c5a73b439ff8505ef44fc8043
C12_g0u0400,6,12,g0u0400,0.005,400,1e-07,0,0,4.528,18dbb5f05802242930276c3383481c418fd451314f5a7f16519f4f323e8b9e04
C12_g0u0450,6,12,g0u0450,0.005,450,1e-07,0,0,4.880,6548d314e15bf7be01a2d756224a67bf395a5bbfa2691f58a3226ac31fbc4b87
C12_g0u0500,6,12,g0u0500,0.005,500,1e-07,0,0,5.340,83a3aa152638e0f7d305fed4750d353b530a794de244280a5dad6e3f09dc9cf4
C12_g0u0550,6,12,g0u0550,0.005,550,1e-07,0,0,5.132,91a08d7884ec6f41ea03c258266cc74bbb3f6e99d30dcb36824fd655903f15da
C12_g0u0600,6,12,g0u0600,0.005,600,1e-07,0,0,7.141,abbc3beaa8bf0cee31ae62d2c5f7452b96b4303c9240a3a1bcc98528401b3028
C12_g0u0700,6,12,g0u0700,0.005,700,1e-07,0,0,6.639,79b81bd0539740ac8e68585a9a6a6eb4d57839444e0122b6d0f89f124c8b7b30
C12_g0u0800,6,12,g0u0800,0.005,800,1e-07,0,0,8.693,0e608b63f29eacbb5bcecf2ff38d7dd22c014222620264a3f5906394f299c68a
C12_g0u0900,6,12,g0u0900,0.005,900,1e-07,0,0,8.143,0c554b064ba2779fcbb7523bbe80101d931f3a1a3689fff8e236544b3ae9e935
C12_g0u1000,6,12,g0u1000,0.005,1000,1e-07,0,0,10.653,29e723379f235b13bc82e3791f11ec96f8fe1f2238c3d948fdcc857c2535f1be
C12_g0u1100,6,12,g0u1100,0.005,1100,1e-07,0,0,12.557,29b35daf7f888720847e32508c7c13fad90c5263c5a2d3c38c5de5cba7865637
C12_g0u1200,6,12,g0u1200,0.005,1200,1e-07,0,0,11.152,830ea62a3f3f86f87a8ebee753b944e4144704110fd50e3dfa5f9dce5f8ab9e4
C12_g0u1300,6,12,g0u1300,0.005,1300,1e-07,0,0,13.559,69fb586c91c9d13b0a48fbb9a34096aad78eeb07c35263383f284972bc561ec7
C12_g0u1400,6,12,g0u1400,0.005,1400,1e-07,0,0,12.813,0ab4a7cc95e59d1023e8c2390e817c8e396491ad40e8e25ab133e4d16960c4de
C12_g0u1500,6,12,g0u1500,0.005,1500,1e-07,0,0,16.183,72d1cdf978cdd468f1727f3d1f4955d8c5193d816ad39f2c9d648876e8bdf681
C12_g0u1600,6,12,g0u1600,0.005,1600,1e-07,0,0,21.661,e5dc283b9496b0d87f9232743cec72c2206c72c5db7713f56d2259235e90beef
C12_g0u1700,6,12,g0u1700,0.005,1700,1e-07,0,0,17.288,31b0d6a1f1471dac62ca28145d951ead4e09fe3e8e69c3f3f253d31d2cc4063b
C12_g0u1800,6,12,g0u1800,0.005,1800,1e-07,0,0,17.732,7a0963b28cc5806e6806fd5609de66e88850ab7889c490479881479fc6e78f82
C12_g0u1900,6,12,g0u1900,0.005,1900,1e-07,0,0,15.036,2f7420eef5a04836ac2309e4af813cbecc8e2a999f16f5bb03cd29d711e5b469
C12_g0u2000,6,12,g0u2000,0.005,2000,1e-07,0,0,17.040,5f6da517ce71dbeba2ba69a2196d9e5f33502ab08163cf40d886926548dcd0a2
C12_g0u2100,6,12,g0u2100,0.005,2100,1e-07,0,0,20.439,343c631def1fda0c69ba888aa3bfe4e41a0debfa2eb969410f77c24e099e0bdb
C12_g0u2200,6,12,g0u2200,0.005,2200,1e-07,0,0,22.605,943ae6749b61829ba0631e3342e86d8394bb8f7e26776819e6cb4a84b20022e4
C12_g0u2300,6,12,g0u2300,0.005,2300,1e-07,0,0,17.849,e09fbf7e15dde58a7ab6c804797ef6f3769a7c9965bf29dba683066f8833d8c0
C12_g0u2400,6,12,g0u2400,0.005,2400,1e-07,0,0,21.257,6c093c78d6cf000e5277ce2838ae73fabb7e0640f6dc31a4be79fbc4132966f0
C12_g2u1000,6,12,g2u1000,0.00125,1000,1e-07,0,0,28.146,8c90ce79e7d3063fe61cbf3461893b4991608d2687504c8887ea45084bb6824f
O16_g0u0050,8,16,g0u0050,0.005,50,1e-07,0,0,0.972,54e7ac26deb332b433e5c7ebfc9e2d3d084f2c0fbc43c62463baaf08d82a5dc6
O16_g0u0100,8,16,g0u0100,0.005,100,1e-07,0,0,1.369,dfefc888ddd47fb00cacde016fd3db867ef286b3010b1bbd8202b81b96c02b03
O16_g0u0150,8,16,g0u0150,0.005,150,1e-07,0,0,2.171,d355bc500f8aa6b53734f445c4de15dbdaa38ef92f49eaad630bb91b36d03ce6
O16_g0u0200,8,16,g0u0200,0.005,200,1e-07,0,0,2.621,1c04eb663ed7489383dd533707a88d7646e0c676c2a48b5f0661253b2f3a0b2c
O16_g0u0250,8,16,g0u0250,0.005,250,1e-07,0,0,3.492,89d32ec372391f499c29cd6f55cb9b111ebc6ee11021c2563f6ef037d8972af6
O16_g0u0300,8,16,g0u0300,0.005,300,1e-07,0,0,4.126,75d3cf90bd02c0f10a1261c649803aa61a897ef250ce65f49ba13cf0075f663a
O16_g0u0350,8,16,g0u0350,0.005,350,1e-07,0,0,4.680,34b58cd4cabe5370d5b6962964a53f18051e8466fd84be52552ceaabf3cc7a24
O16_g0u0400,8,16,g0u0400,0.005,400,1e-07,0,0,4.331,9d8d08e1328058e6acd7ebe87b8307d0ba38a6f565e513e1bed87adf9894a215
O16_g0u0450,8,16,g0u0450,0.005,450,1e-07,0,0,6.136,f4509fd1a7db865a80b7632c5e6ed5b77eefd04473ecc7251de08153bf2eec99
O16_g0u0500,8,16,g0u0500,0.005,500,1e-07,0,0,6.183,fea1e976d93740bd3f5997cdb4b0692b204515553490b1c73eddb004fc945cab
O16_g0u0550,8,16,g0u0550,0.005,550,1e-07,0,0,8.065,c959cc1ae503fb89a0bfccea3664117389b46984a9f5a2175360c3108f52890d
O16_g0u0600,8,16,g0u0600,0.005,600,1e-07,0,0,7.937,188307d10c1bef4492789cab6e361cd44bb39865438929c9ad91434ef29e9bd5
O16_g0u0700,8,16,g0u0700,0.005,700,1e-07,0,0,9.393,395b4afa86dc1f68d5af467f7db5ad6d207427107fd410bff48a75fbf02efc85
O16_g0u0800,8,16,g0u0800,0.005,800,1e-07,0,0,10.447,69ddb5885440c645783fc8238f07cdc2af470eb193615c2db4ac4c2351af0161
O16_g0u0900,8,16,g0u0900,0.005,900,1e-07,0,0,11.749,ba158bb5fab296ca62b1ca3d353bc415987c219c96f8896c045426aee27d5336
O16_g0u1000,8,16,g0u1000,0.005,1000,1e-07,0,0,12.302,c8bf27405efda6a65b70c96a1b4777894b854727f65f2a57bba899a950bcf836
O16_g0u1100,8,16,g0u1100,0.005,1100,1e-07,0,0,15.272,31a72b2cf65af396a411ecec24a1754a998952b95422875894d0f8fb464af982
O16_g0u1200,8,16,g0u1200,0.005,1200,1e-07,0,0,12.059,88e55e456ffbb3dabcba02c2fe6757700d19a57651355905643f4b9f9436f830
O16_g0u1300,8,16,g0u1300,0.005,1300,1e-07,0,0,15.567,618a3d503cbe95b193c1e2ead5f3294f537f03adf5b6df045e16905dbaf5c7f0
O16_g0u1400,8,16,g0u1400,0.005,1400,1e-07,0,0,14.567,c9ea60748b5c2d5cdbbe49520266272665295f397889b1a06ec73dc213d97a63
O16_g0u1500,8,16,g0u1500,0.005,1500,1e-07,0,0,27.451,d8d9c8270d17f9e406be9001a00a42cfb49a2ba12565b4659299a8a19be9db03
O16_g0u1600,8,16,g0u1600,0.005,1600,1e-07,0,0,24.202,d1555610ec32ec75f8e6b5611a0e690e589034c18f3598cd3fa2024334c074f5
O16_g0u1700,8,16,g0u1700,0.005,1700,1e-07,0,0,22.426,150e1354b5a8186147b1ddc396bb3a3fb44df2961c6dd0af08eb6c2bf971bcf4
O16_g0u1800,8,16,g0u1800,0.005,1800,1e-07,0,0,18.137,4c27caaa6a5a9590652ce48149aaad3db2eca690781a4d8c165a20acec6adb36
O16_g0u1900,8,16,g0u1900,0.005,1900,1e-07,0,0,18.292,30aeff2ac8a8f6886b53e30f11b57bc67d74c356e4cf51c8f9ebac199848c825
O16_g0u2000,8,16,g0u2000,0.005,2000,1e-07,0,0,19.191,df56734eab1f51922611ad79f2299d9ea9597f343f0a46684a25a5c5bab80eea
O16_g0u2100,8,16,g0u2100,0.005,2100,1e-07,0,0,25.298,07b7f35c42433117eebe84323001e50572af38f8eae879b35c7982a4ec1f4935
O16_g0u2200,8,16,g0u2200,0.005,2200,1e-07,0,0,30.118,9aa475c9b9e6e531a1721dd00cd4ef1aff20ea4ae7b3175345a86a9509097466
O16_g0u2300,8,16,g0u2300,0.005,2300,1e-07,0,0,27.900,4891830f4f82b03eccb23f9fb908ec530b85529397e9f1410e441a72bf0b8c2f
O16_g0u2400,8,16,g0u2400,0.005,2400,1e-07,0,0,30.323,f4e0a98611b43574fcaa9141c4f57fc0fa45b6ecd6246a26eee0552a92d30a57
O16_g2u1000,8,16,g2u1000,0.00125,1000,1e-07,0,0,32.956,f2c40ac11c4497d74d39b666dc7b52f06df0ff5d3e8a5dd4c602537408d91c15
Na23_g0u0050,11,23,g0u0050,0.005,50,1e-07,0,0,1.027,088877b7b0b96a4f5699f9856bc2cb8a64377165e78b4066386eb5491ec9160a
Na23_g0u0100,11,23,g0u0100,0.005,100,1e-07,0,0,1.573,338cdd2e0a24e26fb2a04ab072a98a123f3b3feffad255bea9248e15dbca1ebe
Na23_g0u0150,11,23,g0u0150,0.005,150,1e-07,0,0,2.370,991e5c7231f69ccd668bfa29ab6883d774fa8d2f72467d27c4bf59313b91f354
Na23_g0u0200,11,23,g0u0200,0.005,200,1e-07,0,0,2.972,da2cd8a3d1020a5e49a2d81a6c071b22aa40d18807d1c0f1f15c048b0ae6ed83
Na23_g0u0250,11,23,g0u0250,0.005,250,1e-07,0,0,4.045,1d5c12a4773137a5a502a5bb57f0ffc2b6ae5d67d03cd3149d163c34480e659c
Na23_g0u0300,11,23,g0u0300,0.005,300,1e-07,0,0,4.586,a0a214bff5f77cdc6835d72747e609cb4ace7be938a6817378c84e7f2672fa7c
Na23_g0u0350,11,23,g0u0350,0.005,350,1e-07,0,0,5.335,21d4bd40d76fee04fe4e8da7aa7e6a7e233945a86cbe2ea241957d23afe3e9f5
Na23_g0u0400,11,23,g0u0400,0.005,400,1e-07,0,0,5.085,f616bb41eb2e5eaa6d3b0020990a2d7948293723e7b911be8a48e1b5a3d29249
Na23_g0u0450,11,23,g0u0450,0.005,450,1e-07,0,0,6.888,604da8f2b4c5cc412781301d4f218c5d866fd7069303e2c0e3d51233feab6e6f
Na23_g0u0500,11,23,g0u0500,0.005,500,1e-07,0,0,7.235,bdfbf49cc5c33879670e72c1a43bb275f65dc1261592df74e959cdc9bf95c705
Na23_g0u0550,11,23,g0u0550,0.005,550,1e-07,0,0,9.199,b0034b88fb218b8845e92190083823c8db072474735ae8ece0aca397ef09700e
Na23_g0u0600,11,23,g0u0600,0.005,600,1e-07,0,0,8.691,651b095f2c50c1a155d4fb9cd96c6e6c8fb3720743b5841516bd6d6623676798
Na23_g0u0700,11,23,g0u0700,0.005,700,1e-07,0,0,10.447,1c4f784895e24a54d7c2b52d5b0da0c9838b7f7ae981376226efde6797d88c6b
Na23_g0u0800,11,23,g0u0800,0.005,800,1e-07,0,0,12.255,31fe70c1db3589d5a1870c4c3bb1c72513fe22fc874e316365eb56a972de4b1b
Na23_g0u0900,11,23,g0u0900,0.005,900,1e-07,0,0,13.155,6c1e596027a39edb3e5566410dea5eb24f00f0efe53d27889f2305b7d2c6574e
Na23_g0u1000,11,23,g0u1000,0.005,1000,1e-07,0,0,14.511,1e00d4d4fdec6754705263a2487a7b5d0152bcb7d608575d9ae059f891efa910
Na23_g0u1100,11,23,g0u1100,0.005,1100,1e-07,0,0,17.271,fe2b21d946e632d0676feb87b77219f49407483cf02d9dddea911cc912e150ae
Na23_g0u1200,11,23,g0u1200,0.005,1200,1e-07,0,0,13.767,f1d764e6dfc954fd8a94a93237f31e73665c03897be8ecb9288ffe70911c0c65
Na23_g0u1300,11,23,g0u1300,0.005,1300,1e-07,0,0,17.825,659e52f9620ca651dd603d012b1d0d4c97f087ddb09eae46830bcf44b9f071e0
Na23_g0u1400,11,23,g0u1400,0.005,1400,1e-07,0,0,16.475,cec1945b497261f71f9f79a68f6fa5f3763a7bb4a5b78eaf51c4fbd6130eee43
Na23_g0u1500,11,23,g0u1500,0.005,1500,1e-07,0,0,31.797,d411ec0c7409d996db325ce8ecf8e0d1bdb660650000bd950c6c0360a5104d12
Na23_g0u1600,11,23,g0u1600,0.005,1600,1e-07,0,0,27.767,e63e88f0368fe5170e95151eaafc92481b60e96b150d1536b07a7b762c15049e
Na23_g0u1700,11,23,g0u1700,0.005,1700,1e-07,0,0,25.736,38361b64661728f01f73a90b420ed3509bc51e95efaa17ea6b5f00d27f728b69
Na23_g0u1800,11,23,g0u1800,0.005,1800,1e-07,0,0,20.798,21138c954f59a8ba84bcf4f77e5ebf17e9142dd441567054f2a0341bca7f3dd7
Na23_g0u1900,11,23,g0u1900,0.005,1900,1e-07,0,0,22.552,2d532f44ee7fb8a597af45ac9f8cf6a46b5cd553eddda71906bd89a7d42e9acc
Na23_g0u2000,11,23,g0u2000,0.005,2000,1e-07,0,0,22.305,f1311d0a9c8d60548c84b820d43421017c9d0bd3512049d69a11d4deffc4e0ab
Na23_g0u2100,11,23,g0u2100,0.005,2100,1e-07,0,0,28.400,81e87e12972252b6d218e6a0ff2f0b77409e2ddf9570f56b5a9669fe6b44d67b
Na23_g0u2200,11,23,g0u2200,0.005,2200,1e-07,0,0,34.582,b2b91a99934b922a748eb52139dcc79255365e40aa78c1a006e1217531cd6582
Na23_g0u2300,11,23,g0u2300,0.005,2300,1e-07,0,0,31.765,12963d25ef209697177903a71a4dd685076fcf9387fcef6eb4b0817cdc721070
Na23_g0u2400,11,23,g0u2400,0.005,2400,1e-07,0,0,34.977,52038c1af0603b2d0c34b1f3af9a71d832724d8a742080a81a3b1774ae092d7f
Na23_g2u1000,11,23,g2u1000,0.00125,1000,1e-07,0,0,37.328,84e6b8d59e5362a4892ceaf2a5f31b15690887f3c0adeb5dc05badd08aff8fec
Al27_g0u0050,13,27,g0u0050,0.005,50,1e-07,0,0,0.872,408afa8032a1e9b5320e694aaac9c4d182b295301f797a5d5b4262d6abe4bf08
Al27_g0u0100,13,27,g0u0100,0.005,100,1e-07,0,0,1.624,8b6f38401a6729b13829a920f588a35512b6de67e72efef0e19c362e68e89e79
Al27_g0u0150,13,27,g0u0150,0.005,150,1e-07,0,0,2.573,1bcb91b49e7ef12fc5f2c8579549bf26352f56cfca898d65bcad5d9ffbfd07d1
Al27_g0u0200,13,27,g0u0200,0.005,200,1e-07,0,0,3.275,54ab395babfc55d2113876b4148dc89c1415e47a79653cb8df6ec3c51faa1501
Al27_g0u0250,13,27,g0u0250,0.005,250,1e-07,0,0,3.480,66d5f39d6ffd7fd6e4fcc9a3e20b87a2bc8bb6492afee45ccde6d78b0c44e91d
Al27_g0u0300,13,27,g0u0300,0.005,300,1e-07,0,0,5.137,4e0d8f927a85c2cdab12fe0e7b71ddcd54ff87a39536f88355ee33fbb415c461
Al27_g0u0350,13,27,g0u0350,0.005,350,1e-07,0,0,5.888,39c88f44ca9bffd910447337011df95c6b20f527f7fee05680b0e8032ac4ce70
Al27_g0u0400,13,27,g0u0400,0.005,400,1e-07,0,0,6.287,491af62b8ce2a1168fba225cce30a0d2ab2aba82d7d6d322ecf21fed2ba09cf8
Al27_g0u0450,13,27,g0u0450,0.005,450,1e-07,0,0,7.090,72a2b660f265169c9b0c535defcbc1c9738d2e2ce151af73a7244e5209270486
Al27_g0u0500,13,27,g0u0500,0.005,500,1e-07,0,0,7.893,25903b3bfe2082e1e4c85a697c5815d4bc7df82b18563e438b435408c386623b
Al27_g0u0550,13,27,g0u0550,0.005,550,1e-07,0,0,7.693,7e38c9f8c6e17ce5c38b23e7adc5edf33660dfaa4e874c963a2edd1e0a995b1d
Al27_g0u0600,13,27,g0u0600,0.005,600,1e-07,0,0,10.459,458481e452b5380852cd0cb7125b42d543308466d8f5f2fbecdbc96c3e388bb6
Al27_g0u0700,13,27,g0u0700,0.005,700,1e-07,0,0,9.554,e23a7faa7c691a7c2410480a8d0e9611d39225e656c0f6e807d4f859acc45ee8
Al27_g0u0800,13,27,g0u0800,0.005,800,1e-07,0,0,12.260,e9c877ae6679d70ea2884fa1ac1dd3f49e21df24636ece402adbc4bc040923e2
Al27_g0u0900,13,27,g0u0900,0.005,900,1e-07,0,0,12.463,265de1d160c77c06e6cf49eb48c97fffc5144434cf1b1a05e42ff46c0ddc37ca
Al27_g0u1000,13,27,g0u1000,0.005,1000,1e-07,0,0,15.472,4c996ddf121d9b9427a9fd207aa3f8733c61b16673f513b0da364351b46d74ef
Al27_g0u1100,13,27,g0u1100,0.005,1100,1e-07,0,0,17.931,19950e931e7294aa9d89469570b7867dad3470aed6c1a5875af86530e59d59c0
Al27_g0u1200,13,27,g0u1200,0.005,1200,1e-07,0,0,16.223,5f8930d2f031ce6d22695d70a23cfa052c24fa9bc8515aba0ba9923792ba5b26
Al27_g0u1300,13,27,g0u1300,0.005,1300,1e-07,0,0,19.928,1bf43e6ff210db4fe5e16dbb933622e3645470ca4b004e933c7aec0808a39c9b
Al27_g0u1400,13,27,g0u1400,0.005,1400,1e-07,0,0,18.941,46c2324205e2db466e262f01987fd420ef3b6ace15938a696976238e00e0607a
Al27_g0u1500,13,27,g0u1500,0.005,1500,1e-07,0,0,23.821,f03c79bd9105823e8aa242b8848830c946a43429764e4b41805c12fe87ab901e
Al27_g0u1600,13,27,g0u1600,0.005,1600,1e-07,0,0,31.707,cdefd149cb87fc9cbaf8337677d55afc7c2bc8ce8930ecc6ebb1384c899939c2
Al27_g0u1700,13,27,g0u1700,0.005,1700,1e-07,0,0,25.026,02412917c8e03d362b7120ed5b3347082065cf6d2af380435924eb3901d8e4d2
Al27_g0u1800,13,27,g0u1800,0.005,1800,1e-07,0,0,25.318,33d20b3aa0b7ecb8caafe635a51b4a6d6f4333659b1b9c916ab79ad2ee9a91f0
Al27_g0u1900,13,27,g0u1900,0.005,1900,1e-07,0,0,21.371,f7f22dcf78794e58c707ae2036282eac0e0d13ee73a19a9a36a9afca95fe237f
Al27_g0u2000,13,27,g0u2000,0.005,2000,1e-07,0,0,23.876,aad3fa5c5751dd7954c5289b352201b12941522d3b6eb87474c4340e687624d4
Al27_g0u2100,13,27,g0u2100,0.005,2100,1e-07,0,0,29.423,0ba51f07b413fef9025172453c7c0792b083d9685f694b6f2308d0166de3ff5a
Al27_g0u2200,13,27,g0u2200,0.005,2200,1e-07,0,0,32.799,74b4f355af3283dd34c693ee8321172b6a911776e429fa74401103bb267e5756
Al27_g0u2300,13,27,g0u2300,0.005,2300,1e-07,0,0,26.242,46ecdbf9191cd13bd961820ac49d98176eb22d8b02d21eba641217b8f4144903
Al27_g0u2400,13,27,g0u2400,0.005,2400,1e-07,0,0,31.308,6b6160100be95e7a8419ec3c832666d32066565f22f10b74b69085d0a54902af
Al27_g2u1000,13,27,g2u1000,0.00125,1000,1e-07,0,0,40.511,ea8965498cd882f195fcccd050e1887dcdc8089cca87bad5a7267c5f4fe71c5d
Si28_g0u0050,14,28,g0u0050,0.005,50,1e-07,0,0,0.917,dc309d90ae9501d035c9bc42e8111ca6ef59cf710a7e09763970ac4d63c4176c
Si28_g0u0100,14,28,g0u0100,0.005,100,1e-07,0,0,1.819,c78a1144b776a1954849931cc707312fb4e919d8b38f151da9c580116eb63ca5
Si28_g0u0150,14,28,g0u0150,0.005,150,1e-07,0,0,2.422,8dd113a93b30ead141a399606ae065c24dc27f7e7cec4f9f02605d9afa9356c6
Si28_g0u0200,14,28,g0u0200,0.005,200,1e-07,0,0,2.924,ce963114253a8cd88e598b6833b7b502ed354f71cd510b1c1bf458afe04ad27b
Si28_g0u0250,14,28,g0u0250,0.005,250,1e-07,0,0,4.329,8322e1b9f32e2192878ede83b68d1cf661d0c95c38649e4bf91f6826f5df8bb6
Si28_g0u0300,14,28,g0u0300,0.005,300,1e-07,0,0,4.780,5fb0e70c9ab9781648cd5360f6016af14da0af77bc6dd600f490d0a287b14692
Si28_g0u0350,14,28,g0u0350,0.005,350,1e-07,0,0,6.393,1d09710732477983c77a8fa4c5054698bcf2d6f68fe6c53b3a468fe3af4af192
Si28_g0u0400,14,28,g0u0400,0.005,400,1e-07,0,0,7.136,ffdb57e6cb57776b6d268cbf2cc538e5ae10beeb9b58d40dad1aa80fc8ff8436
Si28_g0u0450,14,28,g0u0450,0.005,450,1e-07,0,0,7.487,66e8e54b10c863b519aa7ef1fc4fd50733b5f4748d0c7c5c4c41521fc1792386
Si28_g0u0500,14,28,g0u0500,0.005,500,1e-07,0,0,7.039,930170c47d0a1f696ebbfc41f2ee9f1ed69fc4e4a2e1ae89dad4377700299467
Si28_g0u0550,14,28,g0u0550,0.005,550,1e-07,0,0,9.347,9e273f190d8d05c978556546b394fe2a926e1986047f68001de955b76ed30889
Si28_g0u0600,14,28,g0u0600,0.005,600,1e-07,0,0,9.347,d28b3562ec79d4d094ea08f37562418dfc1b08d3b45db350702f406350fdc819
Si28_g0u0700,14,28,g0u0700,0.005,700,1e-07,0,0,11.652,179ed22755ac9752b47b163983741185192588cecda41e977dce0ab486888660
Si28_g0u0800,14,28,g0u0800,0.005,800,1e-07,0,0,11.800,65bbac067edcd41f431773ea59b9313585cbfc403ea2edae244b0aad5be11adf
Si28_g0u0900,14,28,g0u0900,0.005,900,1e-07,0,0,14.564,a627879288eab65a324667d67270cc6c9393df7b772f8aa971bae9d7d1e1f7c4
Si28_g0u1000,14,28,g0u1000,0.005,1000,1e-07,0,0,14.206,f5c9bde9e474c3e4a8350e6f61f0e8b9add40c75a683e475d5d5cee64d776d5d
Si28_g0u1100,14,28,g0u1100,0.005,1100,1e-07,0,0,16.062,1be75953a58e48a1e21f6de98b7f8069e7d5a4614fedfaea44573a4ddb97ba0f
Si28_g0u1200,14,28,g0u1200,0.005,1200,1e-07,0,0,17.722,5068638d6ae1fd7d9c25018ee4882241a2e335956d9820ae68baf630f343c2ef
Si28_g0u1300,14,28,g0u1300,0.005,1300,1e-07,0,0,20.072,1592b3b11b579181ad5d08ce705f0a02273f95d72dc7bb09b42d98fb70207173
Si28_g0u1400,14,28,g0u1400,0.005,1400,1e-07,0,0,20.339,f48d742fed00497901c2246f4006e0ed9342d43da990e99b7bc5bde9785aee58
Si28_g0u1500,14,28,g0u1500,0.005,1500,1e-07,0,0,32.041,977a652c63babc556336b54ed1995b604f6712db5f2f1c76e478849c0481938a
Si28_g0u1600,14,28,g0u1600,0.005,1600,1e-07,0,0,24.671,d26e484e93b09e6405231b65f97eb2a6a1670e4e22f92bd817c7794c1993d1fa
Si28_g0u1700,14,28,g0u1700,0.005,1700,1e-07,0,0,27.802,5801dd70f0c67317b17887bae926ed8236083817515f5a0d69f29990997ddb48
Si28_g0u1800,14,28,g0u1800,0.005,1800,1e-07,0,0,22.499,5489bc59f3341c5678468447e12fd875ba64841e3bd2ab42fe0b59ec7210efdc
Si28_g0u1900,14,28,g0u1900,0.005,1900,1e-07,0,0,30.307,0af7df623a09ca94590872290bf171cc844a47ac1df83042f80cc2ada21aa438
Si28_g0u2000,14,28,g0u2000,0.005,2000,1e-07,0,0,24.071,fa21ba0e91430635bcd64d7daba9d5d203baf530498ad6dba6d5bd9bb875306a
Si28_g0u2100,14,28,g0u2100,0.005,2100,1e-07,0,0,35.194,cf186cbadcd5a9fc89e900245a93b28ca29de2a1b60c5130ad726b76887d2d9d
Si28_g0u2200,14,28,g0u2200,0.005,2200,1e-07,0,0,37.139,93e82ee3b09966290c93743b848c2f610cfc91105cbaa5ff85d1891d2e2b5286
Si28_g0u2300,14,28,g0u2300,0.005,2300,1e-07,0,0,34.516,bd6ce5d07071a1e34cfe2616575c76db154bc43091b214ec56eada4c6950317f
Si28_g0u2400,14,28,g0u2400,0.005,2400,1e-07,0,0,29.186,50d99aedc41e5a836f274f90472f0082c4d8d57b5ec00ea70fe8719c76bcd815
Si28_g2u1000,14,28,g2u1000,0.00125,1000,1e-07,0,0,40.698,9c944dfb3711ce953575795ecf29f4ee4f858c3d8a7e21cab60df96f28438918
Ar40_g0u0050,18,40,g0u0050,0.005,50,1e-07,0,0,0.970,05e7ec0ab134d4bf5be0f4fa0e5d47ed693e019adcec66471d69a23237389276
Ar40_g0u0100,18,40,g0u0100,0.005,100,1e-07,0,0,1.777,9eab0ae9dfea4848e43e190fe1745beca629d6a7b94c258eff192a0825b782d7
Ar40_g0u0150,18,40,g0u0150,0.005,150,1e-07,0,0,2.777,0d70770b842330e1041546badd82764df6e68e64e93254cc17ddbdee4a300b6d
Ar40_g0u0200,18,40,g0u0200,0.005,200,1e-07,0,0,3.578,f98c927dcfd52bc1387f79715731ef0d652e6a84c0f9252179c72ca33459f1cc
Ar40_g0u0250,18,40,g0u0250,0.005,250,1e-07,0,0,3.979,ae27bb8e603bba95c2e4ac4ec0cfbbe6c45376d9783ac2250730ba5f12b6c98b
Ar40_g0u0300,18,40,g0u0300,0.005,300,1e-07,0,0,5.739,e2da2ebba3edbb9ebb1b8d4bc79d7c316d1899ea76a105383275c20088a189bb
Ar40_g0u0350,18,40,g0u0350,0.005,350,1e-07,0,0,6.639,ee7bf6f5a2851b441b7da64c782c9830debb7e1cb51598356085b8d771218db3
Ar40_g0u0400,18,40,g0u0400,0.005,400,1e-07,0,0,7.089,90bdd5e951a86d2e020bd4239a9f2dd0780a1fb3d57f5867979e20f803f6b49d
Ar40_g0u0450,18,40,g0u0450,0.005,450,1e-07,0,0,7.891,8f7fc6ff6d8bf5f26f18d178fb6723723e09280c3d9cd398c2c9c7a36b002e81
Ar40_g0u0500,18,40,g0u0500,0.005,500,1e-07,0,0,8.944,d85f53480cf0a856a98f1b7c3528052d0c1ac8045b7e93d9bfadda678e2fda34
Ar40_g0u0550,18,40,g0u0550,0.005,550,1e-07,0,0,8.697,a77af6db9d049e92ff39dc911ab080906ba57fa5b9f17162dee2804074a7b910
Ar40_g0u0600,18,40,g0u0600,0.005,600,1e-07,0,0,11.509,1e6dbdb37eedff3365cc367902e76fc7fd8d63cd7e992756a43e02e53e6dc29f
Ar40_g0u0700,18,40,g0u0700,0.005,700,1e-07,0,0,10.757,a81d20b2cdb769503b1c1b10460dce3eb852518b3f1809798a554992d7ab3c14
Ar40_g0u0800,18,40,g0u0800,0.005,800,1e-07,0,0,14.019,f49e7344580258403b45ab7092901aea1d56740672dea3b38f40f48ba35bfed6
Ar40_g0u0900,18,40,g0u0900,0.005,900,1e-07,0,0,13.967,8b19b40541e37e68a158ff42916217e8723f921d5906c8c7cb01c9e468ed78fb
Ar40_g0u1000,18,40,g0u1000,0.005,1000,1e-07,0,0,17.531,f20551fbad4e7754af1da08ffb3696dfa663b0d776465fc9c99b00f3bff61f7d
Ar40_g0u1100,18,40,g0u1100,0.005,1100,1e-07,0,0,20.038,a1dad553ae50198df332a750af5d1ea3dda0ae5eb306c377f32db408ff9eac37
Ar40_g0u1200,18,40,g0u1200,0.005,1200,1e-07,0,0,17.677,97d9532f3a67bc2ca3e2aba8bcf974250ff40bd4487b3925a10c614614d79278
Ar40_g0u1300,18,40,g0u1300,0.005,1300,1e-07,0,0,22.939,04886dbefd620164038848625218c31f3e1ebe31e0dad43ee63b4773f1683d91
Ar40_g0u1400,18,40,g0u1400,0.005,1400,1e-07,0,0,20.697,dd4708dd7a0e0d76d201701f89d6db672d15dbe1f58203ff43c64f73b698e439
Ar40_g0u1500,18,40,g0u1500,0.005,1500,1e-07,0,0,25.830,90c2f9bbd96aedcd340e2f395e45961bf52a815d4b66c68a01850122fcf52d82
Ar40_g0u1600,18,40,g0u1600,0.005,1600,1e-07,0,0,35.721,9224f6c430d40f06a7714588321589c33609fd957b538f122288778621166d0f
Ar40_g0u1700,18,40,g0u1700,0.005,1700,1e-07,0,0,27.336,c78a988f0ad1a30e4ddc27c266e33a8bf4014c52578f4606f3165b1660192232
Ar40_g0u1800,18,40,g0u1800,0.005,1800,1e-07,0,0,27.577,884cf24a83c5db5f77846fd0daf2c47feb5cfc5389666c2873b6300c665a55cd
Ar40_g0u1900,18,40,g0u1900,0.005,1900,1e-07,0,0,23.883,1dcb0e87524fd87e04b43b2e535f08092fc3d1e1a45bb04ac349302f38336289
Ar40_g0u2000,18,40,g0u2000,0.005,2000,1e-07,0,0,26.992,bbb8ea91b95f78836605f388fd061f0442f766d59fa85753d31e7bc2d2590ac8
Ar40_g0u2100,18,40,g0u2100,0.005,2100,1e-07,0,0,33.086,675dc9cc2674fae07344a0398c5095510fbb45035e3a28ed632573b0ae4996a6
Ar40_g0u2200,18,40,g0u2200,0.005,2200,1e-07,0,0,36.563,e98fa150c5a2def32d0212df6e0d202b03629d0027dd3960630c4fb24acee863
Ar40_g0u2300,18,40,g0u2300,0.005,2300,1e-07,0,0,28.000,4ba51f820581a9603e76d290b72b1da381195117a104d6b04e71a46e69d1edf4
Ar40_g0u2400,18,40,g0u2400,0.005,2400,1e-07,0,0,34.921,20fb728b6db35ccf0ba5b27d9575671e2ade1348e1a32560eb096fdd5a23dc02
Ar40_g2u1000,18,40,g2u1000,0.00125,1000,1e-07,0,0,44.479,3a6c734e24f3ea68a4e4d521bb40e6ddf4fb1a408b1a90e91cc39bdc5aa05157
Sc45_g0u0050,21,45,g0u0050,0.005,50,1e-07,0,0,1.070,b52a50954fd2cc61fe298a2a75d48be69415924ae2427d0aebd1a73a4f53e294
Sc45_g0u0100,21,45,g0u0100,0.005,100,1e-07,0,0,2.023,ae5ce83db3611133f8c90edd4f1f32a80ef06108357028469182432537bbc2f4
Sc45_g0u0150,21,45,g0u0150,0.005,150,1e-07,0,0,2.722,76879afdf9a5bccd384883425d57cdd92192c876b738d5fe2104c15648978d76
Sc45_g0u0200,21,45,g0u0200,0.005,200,1e-07,0,0,3.476,683594c6f930d7d91807525e499eba25d89473ea6cb7316efc6049c33550420b
Sc45_g0u0250,21,45,g0u0250,0.005,250,1e-07,0,0,4.831,89a5b07de26e7d10b07e59a65135b72b3cbcbc6b22a5f6e603e83544124a0119
Sc45_g0u0300,21,45,g0u0300,0.005,300,1e-07,0,0,5.380,b93d616f3cd94cfe23f07b3bae9ab4ea5f5adb5cb73e4c9ee1084dc2ca69b094
Sc45_g0u0350,21,45,g0u0350,0.005,350,1e-07,0,0,7.140,36d0ab04dd514e12978e60dc43566674c81fe3652b1f13835fb25b7cd76e9e8d
Sc45_g0u0400,21,45,g0u0400,0.005,400,1e-07,0,0,7.896,b5b8eb6207d77d7a8e8be57d7c4194e0843d77cd596ad63dac831150c3c27da6
Sc45_g0u0450,21,45,g0u0450,0.005,450,1e-07,0,0,8.489,e6c76616783878f4891fc4c03d1e592bd4e6b49e880cae10a6ba4aa90da7daad
Sc45_g0u0500,21,45,g0u0500,0.005,500,1e-07,0,0,8.042,b498553e75e821906139398661cc7b2bf46e8a1c6a28f7483433211ef2b02233
Sc45_g0u0550,21,45,g0u0550,0.005,550,1e-07,0,0,10.346,464990eac7eae5e25351db586996031b054ae0e8e846ac117798f2fbb4c1791e
Sc45_g0u0600,21,45,g0u0600,0.005,600,1e-07,0,0,10.500,f3dc88c7e2432ea256c56247bcd12883e4188ea2527ca4ff828392f52d40131e
Sc45_g0u0700,21,45,g0u0700,0.005,700,1e-07,0,0,12.806,787da8a66099b11f3dd2345a19eebf26973be777f36a4dca355728cf031fe1eb
Sc45_g0u0800,21,45,g0u0800,0.005,800,1e-07,0,0,13.662,5ecaa84f5863a5abecc74b3e0a9395e0d4a0649782043d26456a40f498c9e34c
Sc45_g0u0900,21,45,g0u0900,0.005,900,1e-07,0,0,16.317,3c592733fd4436e3346c9ed91d8027ede2ac027cd5feb9be44a567e3d4d69291
Sc45_g0u1000,21,45,g0u1000,0.005,1000,1e-07,0,0,16.013,8b410daeeb13131bd0977dd698e5f8c73daefc2052ce452b1e11c5a037f9bc1a
Sc45_g0u1100,21,45,g0u1100,0.005,1100,1e-07,0,0,18.267,fb040ffdff897d4542dcb715cbd221409ec5b8cacedf0d09e18656034e36da2e
Sc45_g0u1200,21,45,g0u1200,0.005,1200,1e-07,0,0,20.077,196f85009bd3fc24b2c2b9c4da4b26892896baeedbcec56afd854e3777475791
Sc45_g0u1300,21,45,g0u1300,0.005,1300,1e-07,0,0,22.589,6fa33a9597b61262679becbeda38f487bf38b25b9d771b05e76c87f452893498
Sc45_g0u1400,21,45,g0u1400,0.005,1400,1e-07,0,0,22.553,cb3a85b9d6682c2da8bf1f59c8d69ae014e21b23c29e093f8bb8f8c4672bdf21
Sc45_g0u1500,21,45,g0u1500,0.005,1500,1e-07,0,0,36.421,3414895738230de7ab4c84d3b6318fb4a45423dd6d18404845456c603a94a6be
Sc45_g0u1600,21,45,g0u1600,0.005,1600,1e-07,0,0,28.338,2f3c60392d65eb6c5672e404b8f187883473f565e59bf04188dfb51da4ceed86
Sc45_g0u1700,21,45,g0u1700,0.005,1700,1e-07,0,0,31.459,663dded2b4dd2bf879beb6076ad369aafcddaa961b0651b341d93dad4c55526a
Sc45_g0u1800,21,45,g0u1800,0.005,1800,1e-07,0,0,25.864,dc579f266ad61a883fc467b4f5b56ce140a22fd8e2eae0378039c8642dc644ad
Sc45_g0u1900,21,45,g0u1900,0.005,1900,1e-07,0,0,34.171,b131f0f262be1ea7f8bfd679becd8a1e906a76575d5f1519134fe85e101105b0
Sc45_g0u2000,21,45,g0u2000,0.005,2000,1e-07,0,0,27.145,170a200603d3a307f5138c81fd0160ea4e666439fba044a466ec27853926c3d3
Sc45_g0u2100,21,45,g0u2100,0.005,2100,1e-07,0,0,40.411,b7586033eed2188c617f95aa59e3bda72ee183f3f8e4e3f9499b940d243112ee
Sc45_g0u2200,21,45,g0u2200,0.005,2200,1e-07,0,0,41.703,d733c8309b95d2b9fd681023802c6c5385ab005d5ea5d31d23466df1f143f33e
Sc45_g0u2300,21,45,g0u2300,0.005,2300,1e-07,0,0,38.588,6c32bfebbce2f2c00fe6b0de4201c134d7039a1f86e734de602c28a0b866097b
Sc45_g0u2400,21,45,g0u2400,0.005,2400,1e-07,0,528,67.303,0542740196336800af4956a33e08b4aea5ceda4ff1424ed70b7eb9b1ded118f0
Sc45_g2u1000,21,45,g2u1000,0.00125,1000,1e-07,0,0,46.175,b616afbfff5a712b4397827373bcdeb57cb687933a2023d41fff76139b670188
Fe56_g0u0050,26,56,g0u0050,0.005,50,1e-07,0,0,1.117,fc868318aa3e84df7392e549e2cec677784cd728107dec048e95d6dd8a2fb9bf
Fe56_g0u0100,26,56,g0u0100,0.005,100,1e-07,0,0,2.071,485882eb7117fe7ad01a37533e89792e64b5328748a77d677c49b65c27b1f9d7
Fe56_g0u0150,26,56,g0u0150,0.005,150,1e-07,0,0,3.125,455c10783272270e61cd0f3b9e58bad48da77c4fd534978abc4dca2d424ee631
Fe56_g0u0200,26,56,g0u0200,0.005,200,1e-07,0,0,4.076,b8597da54db95171bbeb3ebd30948249018d7ed40b460a7d68be8db0a0295ad8
Fe56_g0u0250,26,56,g0u0250,0.005,250,1e-07,0,0,4.382,e63d8c651694bc6bd7b9475d626cb9b0b9af8da9f9f976734d4f4bbe91963771
Fe56_g0u0300,26,56,g0u0300,0.005,300,1e-07,0,0,5.982,f917b6b477464cc5c6af19da6fdf9c13369baa861f4672f87026aedeea643bfb
Fe56_g0u0350,26,56,g0u0350,0.005,350,1e-07,0,0,7.188,85302f7f861e23b97dd75c914588095627c58b7b77978db412ffa7f00b1f4b43
Fe56_g0u0400,26,56,g0u0400,0.005,400,1e-07,0,0,7.341,502687cd3e027efbbc75071c516cb4170676bbe77c85ef6a3443d6b6996d297b
Fe56_g0u0450,26,56,g0u0450,0.005,450,1e-07,0,0,8.943,7c2742e526b574a9f14e97c43df6b0e594c306728a701aa1da1330ebab65cdd1
Fe56_g0u0500,26,56,g0u0500,0.005,500,1e-07,0,0,9.747,8c6e1350c24cb7ef8b5e22dc71269720d5d87a87fbf6edd7b1c035ec6efa7a40
Fe56_g0u0550,26,56,g0u0550,0.005,550,1e-07,0,0,10.853,d98de240977a25e4793d87409e6fa897886e1dddd9530d364f369ee31d1b07dd
Fe56_g0u0600,26,56,g0u0600,0.005,600,1e-07,0,0,11.698,3cafae0f2f0c2c5d47cca336f3b906d3f5e970ce3b75f404100d3e8ab1b99798
Fe56_g0u0700,26,56,g0u0700,0.005,700,1e-07,0,0,13.261,d8beb898dcd3fe571b2b4aa70b5683f506b8700486ed026d40384755d004ce10
Fe56_g0u0800,26,56,g0u0800,0.005,800,1e-07,0,0,16.221,ec17c491a34af57f38fdda739543f1defe2459cb35e8b4f1ebbb9d1d9704c200
Fe56_g0u0900,26,56,g0u0900,0.005,900,1e-07,0,0,17.973,09117ef7d72da235b44ecf0f3207341d570d01817324076b725404a099a67caf
Fe56_g0u1000,26,56,g0u1000,0.005,1000,1e-07,0,0,19.783,69c74c8337d343dc3b3835f1965ae67e67f1f004ed306742ea0c1580573b7a05
Fe56_g0u1100,26,56,g0u1100,0.005,1100,1e-07,0,0,22.788,f599e4e39db3a192c97e3765449b52daa1eabd2fca522bd4559e6a92f02abd35
Fe56_g0u1200,26,56,g0u1200,0.005,1200,1e-07,0,0,18.027,4b8f6bcbd2d811453225342e978c93f4e5d78346d10bf72b2baba2ca07d384ca
Fe56_g0u1300,26,56,g0u1300,0.005,1300,1e-07,0,0,24.645,26741a584f2f711b3407ebb4534309b469ff08e50971f715c31aec92a872f3f3
Fe56_g0u1400,26,56,g0u1400,0.005,1400,1e-07,0,0,22.088,27bb2557a006db34a16e673e930a208d281171f5b96e514a6c137c593eb5c986
Fe56_g0u1500,26,56,g0u1500,0.005,1500,1e-07,0,0,35.924,753acac942d0e6f94d8d36dafe8e050363af46265dbc07c1ab428ea2d4d1f823
Fe56_g0u1600,26,56,g0u1600,0.005,1600,1e-07,0,0,39.461,62f2f8a1adcaf25bc43e79b2f85a3adf14832529052d6e23a030ddc795a6173a
Fe56_g0u1700,26,56,g0u1700,0.005,1700,1e-07,0,0,28.372,8f1cccd94600ae29bc09539569968bc64ac5696274033dda582fba47a2d08ddf
Fe56_g0u1800,26,56,g0u1800,0.005,1800,1e-07,0,0,29.483,3b9a59799e591c05a28552ab5c07023299f82156b8b0041151381bd3855ea75c
Fe56_g0u1900,26,56,g0u1900,0.005,1900,1e-07,0,0,26.774,3e833da5d2ad819d1f2095311944e92b8d2c1ec62ffe5e7ec28e9e901c4ed735
Fe56_g0u2000,26,56,g0u2000,0.005,2000,1e-07,0,0,28.775,100a628a464be37af08ce0d7a1d1395a1686ad8d18b0ba46e7c3f9df429e12bf
Fe56_g0u2100,26,56,g0u2100,0.005,2100,1e-07,0,0,38.081,fcf90a0006d4482c14a65202b105aa51af511b4e2b38c5d6d9539abdf53fbb60
Fe56_g0u2200,26,56,g0u2200,0.005,2200,1e-07,0,616,70.306,e65c07feabb006f91b5f191b4028c53ac9fef91b7a5a934fdb40b6a7a3293b63
Fe56_g0u2300,26,56,g0u2300,0.005,2300,1e-07,0,0,35.454,423c2f80dded12a4854d6e7e2ed75aee9e76efeba30e6984c36f9577337861d1
Fe56_g0u2400,26,56,g0u2400,0.005,2400,1e-07,-6,352,50.589,b5fbc14cd1d02b723946fe352876ca4fa05e8a6d54edb0e10eac240e906f1a0a
Fe56_g2u1000,26,56,g2u1000,0.00125,1000,1e-07,0,0,50.498,ac4948cdf889a5e46e12611c7a20da5f32a11598b2ea1c3e123e78cd1d76b0d8
Cu63_g0u0050,29,63,g0u0050,0.005,50,1e-07,0,0,1.170,c56ba3df4709f57dd26df5a6160081902859e9764f5120b4446f99fff94f6f22
Cu63_g0u0100,29,63,g0u0100,0.005,100,1e-07,0,0,2.069,2d7920840b710cde6082610d23d4b552ae4eb773275b59cfd94b59af1945f3c2
Cu63_g0u0150,29,63,g0u0150,0.005,150,1e-07,0,0,3.225,4bbc61ee4b2c74c229992056a4f7b811276b3f9fdd806d0e4855b5838c9f7760
Cu63_g0u0200,29,63,g0u0200,0.005,200,1e-07,0,0,4.329,f07da0b43bd3d19b8080ea12fa4391b39c8649729b0020be4332cadba514c254
Cu63_g0u0250,29,63,g0u0250,0.005,250,1e-07,0,0,4.380,e971bd8fdb86cec6b669f968f58f401ed76f085e41f004975ea1527a06026509
Cu63_g0u0300,29,63,g0u0300,0.005,300,1e-07,0,0,6.284,54919b7a97c2c6596253c53d1b2d9ad81e2b7057be217d5393a2354ff246cd4b
Cu63_g0u0350,29,63,g0u0350,0.005,350,1e-07,0,0,7.690,736789242e43442dc687378fb46f36acd14345486d050ae248b9be2ad24e750f
Cu63_g0u0400,29,63,g0u0400,0.005,400,1e-07,0,0,7.689,78e514fff3b6c4941df06e43a818c97b57b8a1f35b5dc1a47da9aa07d8f730da
Cu63_g0u0450,29,63,g0u0450,0.005,450,1e-07,0,0,9.093,ff353c90d8cbc29c37652dd27a637dd58efcf34bc205d39173a81983beac1127
Cu63_g0u0500,29,63,g0u0500,0.005,500,1e-07,0,0,10.345,a6592dabfdeb2a2ee2c15ad7cf3eb36d54be49789e7d56d47f8bbab313b091cd
Cu63_g0u0550,29,63,g0u0550,0.005,550,1e-07,0,0,11.152,c1abc3079862dcd440514a95aa43534f0d62f8525ff44699b79923415eece807
Cu63_g0u0600,29,63,g0u0600,0.005,600,1e-07,0,0,12.403,c36543e84424da053b3454c86413d943c00ec83fef21bd294c942af1e55f7a39
Cu63_g0u0700,29,63,g0u0700,0.005,700,1e-07,0,0,13.111,301ef458c3d90f27ce266dd6d5c98a27f992bf61f99eae1804f31d1c2201819c
Cu63_g0u0800,29,63,g0u0800,0.005,800,1e-07,0,0,16.873,d12cdc5ee2ea015498942f8f7d7abd0a9e0718a543a3a191b20d9e2add0c8508
Cu63_g0u0900,29,63,g0u0900,0.005,900,1e-07,0,0,17.973,7b079939ad87b41c04c7f22eb260ad7dec064c8956c00d7c5853c1e1a5443dd8
Cu63_g0u1000,29,63,g0u1000,0.005,1000,1e-07,0,0,20.384,1d83ac30e2c9236c1403228f940f5f57d14951c6f4e622535a48ba2763a85b73
Cu63_g0u1100,29,63,g0u1100,0.005,1100,1e-07,0,0,24.342,040baf38cda1328a57cb08cd4befaabd77bf2190630d4bc7b87d5c96b2ef3e4e
Cu63_g0u1200,29,63,g0u1200,0.005,1200,1e-07,0,0,19.380,d5d122e1e64fa00c77e337b98c9589196ca31e6e3f4157e17bd34713d93988a8
Cu63_g0u1300,29,63,g0u1300,0.005,1300,1e-07,0,0,25.897,232f4a4df05c7c9d55e9f0b916134e51a3f738a7421cfbf21f3634cf655afece
Cu63_g0u1400,29,63,g0u1400,0.005,1400,1e-07,0,0,23.043,8307894434b9854307ae7dc3316e3be3df808fdcb38bd20681740e15cfe42b1f
Cu63_g0u1500,29,63,g0u1500,0.005,1500,1e-07,0,0,33.310,af939eb0f66bab42bbc0f732952a4384df773a34acb52c44570a0999251693dc
Cu63_g0u1600,29,63,g0u1600,0.005,1600,1e-07,0,0,41.016,9005d0dbecc477ac2faed3387a9dd9b45e6032901d01535350b09f9ac28a495f
Cu63_g0u1700,29,63,g0u1700,0.005,1700,1e-07,0,0,29.886,a9b7b8f7dcf32ad03cc39c7c1909473972dfbe1b038f5ea742bcc6270e295ca8
Cu63_g0u1800,29,63,g0u1800,0.005,1800,1e-07,0,0,30.884,498c141a6300ce5c8f3b1f02b513f00ae3993c276314bd3588bd48545635c096
Cu63_g0u1900,29,63,g0u1900,0.005,1900,1e-07,0,0,27.829,212576720581898740c9cff923e2ef3abe85cb009447a6d3d4cc618417f55f3c
Cu63_g0u2000,29,63,g0u2000,0.005,2000,1e-07,0,0,28.734,bde36218969811cb36750686a54546aca30bfceadaa037ec0885d2bc4e405e54
Cu63_g0u2100,29,63,g0u2100,0.005,2100,1e-07,0,0,39.135,a22ad3f198b43daec929494e7cae2b9216f30a5ca22c7fd26b3c5d80ae6c8a4e
Cu63_g0u2200,29,63,g0u2200,0.005,2200,1e-07,0,616,64.579,28a8994beffde4fe2f66c319d2812f77526b4ba42ade311d964800cd0fa337ed
Cu63_g0u2300,29,63,g0u2300,0.005,2300,1e-07,-6,264,47.749,0545e93ce391ba941a64f685fe5410ee16765b811b5bcf7684611b1228118695
Cu63_g0u2400,29,63,g0u2400,0.005,2400,1e-07,0,792,127.527,2fdde51cc0a784f7604e185a149c1cb15c36b574c5025a2d21a3e046dd36076b
Cu63_g2u1000,29,63,g2u1000,0.00125,1000,1e-07,0,0,51.503,9aa0e47a6487fec8904a6bf6ab3826625d6a59c08fb43c51d318960329a361ed
Ge74_g0u0050,32,74,g0u0050,0.005,50,1e-07,0,0,1.220,808c9d2a9a9c60ddc4561b45c66a818ffc2a775a7bc5081cbe0373862338e315
Ge74_g0u0100,32,74,g0u0100,0.005,100,1e-07,0,0,2.275,c2430dbc5c225d1439ba6175dd987bfc49930fc1b919be443c68d5078048957f
Ge74_g0u0150,32,74,g0u0150,0.005,150,1e-07,0,0,3.323,0ecd1cab38bb8f91b4fad74afddba36016e4fe0790610cbc5ce26d232b12976c
Ge74_g0u0200,32,74,g0u0200,0.005,200,1e-07,0,0,4.377,2a6c6732be1ba009fb454d087b064e8635b44155815e295f7a300e3840a43e07
Ge74_g0u0250,32,74,g0u0250,0.005,250,1e-07,0,0,4.533,0d144cdd10b0856c42cadd38b39d030b850cdd479ba624446c8254ed55a71286
Ge74_g0u0300,32,74,g0u0300,0.005,300,1e-07,0,0,6.283,d1558db82dfeafa554ad30024d3db7d0bb5ac47515358f0ddc520e6e74596052
Ge74_g0u0350,32,74,g0u0350,0.005,350,1e-07,0,0,7.592,3a605286115f07e27078e60545697b19f3b95d81eb8c812d6154a339d7b2ad0d
Ge74_g0u0400,32,74,g0u0400,0.005,400,1e-07,0,0,7.692,9fb76beeeccdca585efba4068a83343bf6ab779b975ab8355709771109c459d6
Ge74_g0u0450,32,74,g0u0450,0.005,450,1e-07,0,0,9.744,0922767c31152757c31daf96d7c748ac5001bac1f1bbc97b6c8b4e98d7d48609
Ge74_g0u0500,32,74,g0u0500,0.005,500,1e-07,0,0,10.448,69c89e2d67b80fa61b593faa56a407e99bfaf8168e4d40199106063ea881c8f1
Ge74_g0u0550,32,74,g0u0550,0.005,550,1e-07,0,0,11.705,e03f0aede2d641076d17d1d787824b9d150dd7a2edad7e521379de8ed3584d33
Ge74_g0u0600,32,74,g0u0600,0.005,600,1e-07,0,0,12.349,a0662ca8cbe65e80c6ab09c45157640235903ca6056bc2aa2e5e8c0bf011367d
Ge74_g0u0700,32,74,g0u0700,0.005,700,1e-07,0,0,13.973,65c1f3d04764c5adeaf13ca53ed38556ee0cc03271e769b7ebd90b72c0006570
Ge74_g0u0800,32,74,g0u0800,0.005,800,1e-07,0,0,17.070,06267c38c222fe579b0a958fb0c295996e4be67403cbf98ad8244781ec63ae8b
Ge74_g0u0900,32,74,g0u0900,0.005,900,1e-07,0,0,19.023,92cf7ddf00c24deba66002433f95ffdef8016b97d3fa6cafaaa4798de430e90f
Ge74_g0u1000,32,74,g0u1000,0.005,1000,1e-07,0,0,21.138,25e4f2019debc6ba9192f5518e84a275c6aeeed0234503bed7f25a08663e11d4
Ge74_g0u1100,32,74,g0u1100,0.005,1100,1e-07,0,0,25.750,6a2f1d256c80ccc388e24be837db1ea5b64264edbefcec84ff05f50cba97f811
Ge74_g0u1200,32,74,g0u1200,0.005,1200,1e-07,0,0,19.382,d3df6aaa10cb9eed17c887b34d259ce73d79398f8101e141e33e354a5b3e1fe8
Ge74_g0u1300,32,74,g0u1300,0.005,1300,1e-07,0,0,26.151,6380a0b74a4dac8da9d539378d4a9d7b6201aaf031179dcf99ee5ec1feafedc5
Ge74_g0u1400,32,74,g0u1400,0.005,1400,1e-07,0,0,22.940,1d1879ea74d435b95bacfa03ee6c3260587e457fed6bfb281b917db8ba6dc001
Ge74_g0u1500,32,74,g0u1500,0.005,1500,1e-07,0,0,39.893,a1909013da7a315f8c6b98f68b861088f5ba7c234683485927521ae76c20387b
Ge74_g0u1600,32,74,g0u1600,0.005,1600,1e-07,0,0,41.318,c576e84ae658bed7ecb63cfa619c146dbfbbb73d05f53921bc7876c2b2cdf7dd
Ge74_g0u1700,32,74,g0u1700,0.005,1700,1e-07,0,0,29.574,bb1b87301f23a849c3cd1a054580a77ec4fa56e1c5ef10cf486b39e366d1ef21
Ge74_g0u1800,32,74,g0u1800,0.005,1800,1e-07,0,0,30.690,fdc7a0a3b365662d3172f685890260e7abf98548193bfc976350c4c058c5e7bd
Ge74_g0u1900,32,74,g0u1900,0.005,1900,1e-07,0,0,28.979,6a2b558a055b58a727eaf72561cb702c31411951169296c8f2c3fbbe7afee0f4
Ge74_g0u2000,32,74,g0u2000,0.005,2000,1e-07,0,0,30.532,a5d763b495a50c81051a4f04604bfae4cd303f9c12ce7480c5ecf1cf9817178f
Ge74_g0u2100,32,74,g0u2100,0.005,2100,1e-07,0,0,40.291,d922cc75d46817fe4cd1b56c4e7d91c08077cc8f0e1c9a34c32a0d7a7e3a60ec
Ge74_g0u2200,32,74,g0u2200,0.005,2200,1e-07,0,792,100.210,ea458c5de74ffb93f54619bccab82cd48c43fd513892d874280156f777d91191
Ge74_g0u2300,32,74,g0u2300,0.005,2300,1e-07,0,704,86.684,50c0050c06b42f4f0f166b456fcf8401e00ad788671f00e16c2b8e05b25064f4
Ge74_g0u2400,32,74,g0u2400,0.005,2400,1e-07,0,1144,253.172,a654ef7abd7ca6aeca2e0fbcc613ea15c5d7671fcf9910c561504386a154620c
Ge74_g2u1000,32,74,g2u1000,0.00125,1000,1e-07,0,0,53.361,ba6e2a17d9e66f00f123a7f992e92de95870eea9e99b5ea6b7328ce277f2feb3
Sr88_g0u0050,38,88,g0u0050,0.005,50,1e-07,0,0,1.168,272fa25bd2f053c29c4b7838f8d69e310cd09d4b695cb52e28901feb714374bd
Sr88_g0u0100,38,88,g0u0100,0.005,100,1e-07,0,0,2.221,6f9a713a497d87041c535a5525df740ce1a9bc17f067f54e6f72b4bb6f2f6f3c
Sr88_g0u0150,38,88,g0u0150,0.005,150,1e-07,0,0,2.973,68ce0590a052f61dfa55cc13a21eb4b417c54e2e3de2217914f32dc7fa6cca0d
Sr88_g0u0200,38,88,g0u0200,0.005,200,1e-07,0,0,3.728,63f89cfba0d802d2e87035c245900943fe3cefd606439854f5dc13505a1d3e4c
Sr88_g0u0250,38,88,g0u0250,0.005,250,1e-07,0,0,5.631,6c2816c98c7dfd3a40db74695fec62124f3f615daab67894f8ca719ea2a18cc1
Sr88_g0u0300,38,88,g0u0300,0.005,300,1e-07,0,0,6.235,c2173a29fdec63e6daf90a97a80d7e33aa99b6da2a35bb366314e768c0fc0896
Sr88_g0u0350,38,88,g0u0350,0.005,350,1e-07,0,0,8.105,a6699c2354198eb0d24c32733811c685baa885545dbb93fe47687f01614d045f
Sr88_g0u0400,38,88,g0u0400,0.005,400,1e-07,0,0,8.846,8c6f5881748eb3674a56299d710c1d4f87f309cd33bb65a38a5ce397cd236217
Sr88_g0u0450,38,88,g0u0450,0.005,450,1e-07,0,0,9.342,705793cf68a1443a8f96af156999ebf3defc3a20e5fe81d5911bf4f7e1c7ca28
Sr88_g0u0500,38,88,g0u0500,0.005,500,1e-07,0,0,8.998,001e179386e18bf310a49d988bf4c1acb009fafa515866e0014492989239e11c
Sr88_g0u0550,38,88,g0u0550,0.005,550,1e-07,0,0,12.106,eb0a13e215faaf3830da2fa42143f8242f8289d1a8bb62c359043fe9468f1244
Sr88_g0u0600,38,88,g0u0600,0.005,600,1e-07,0,0,11.954,def129ebdb585391a2f144cf65ead103d230a9bd6e3499dc0b6af427e43781fe
Sr88_g0u0700,38,88,g0u0700,0.005,700,1e-07,0,0,14.766,38080b786150d1d1dd53bed4681971eff181d5466b485e7ab555cba40d7b1a4f
Sr88_g0u0800,38,88,g0u0800,0.005,800,1e-07,0,0,14.407,67c707599ce33ee26eeafba04bd37736d36de31127d98a6051f653351ac2c763
Sr88_g0u0900,38,88,g0u0900,0.005,900,1e-07,0,0,18.229,607169fd61562e6f0097f620d52004c07c5ab69115f530a7a402618a70480d6d
Sr88_g0u1000,38,88,g0u1000,0.005,1000,1e-07,0,0,18.620,c8ab00afb4560c6c2110ca9fd7a0f47ed447a0d7c95d0624ae31300e757b026e
Sr88_g0u1100,38,88,g0u1100,0.005,1100,1e-07,0,0,20.328,92d54dabcf4c7cd85a4861c41fcded7a8f3dc2805e1ba7055e8eb4184ad3768a
Sr88_g0u1200,38,88,g0u1200,0.005,1200,1e-07,0,0,23.041,f0431be69e7fab858ef857270a98115281ded92463654c7447fe7c8eb660dfb8
Sr88_g0u1300,38,88,g0u1300,0.005,1300,1e-07,0,0,25.301,9efa412bee16c26d783592da3b52993e681b367e2af9f23936f4e1eb6b0d8bd3
Sr88_g0u1400,38,88,g0u1400,0.005,1400,1e-07,0,0,25.618,062040f1a0d62c8076beac03b927eaad9a35c34660ae4109eea90c20029f8cc8
Sr88_g0u1500,38,88,g0u1500,0.005,1500,1e-07,0,0,40.286,61277c612ad5d96f87c241adfb394a71389e1b6d84e725b58028ef92c20af040
Sr88_g0u1600,38,88,g0u1600,0.005,1600,1e-07,0,0,31.503,f1e6fbcd9e01f9de41b11e9e08f7ffcd8d95f4611ff7b9f3e4dcc746d8ab49e2
Sr88_g0u1700,38,88,g0u1700,0.005,1700,1e-07,0,0,36.183,61edca57a9f6f5e8a62441e735180a7161241905a8e19e0e268725855968c797
Sr88_g0u1800,38,88,g0u1800,0.005,1800,1e-07,0,0,29.180,3094e85264a5dfe5f21a2e500602d8012f6b406dc252b7264c2aa4f395b3b4bc
Sr88_g0u1900,38,88,g0u1900,0.005,1900,1e-07,0,0,38.184,93a69d29b3b3138d22487449d526e681cca6494ebade46ad993edc942081fe20
Sr88_g0u2000,38,88,g0u2000,0.005,2000,1e-07,0,440,933.298,b0009636b056e21fc989e51faeed86035b2b7e5e189860708b9ac78f58955610
Sr88_g0u2100,38,88,g0u2100,0.005,2100,1e-07,-6,176,51.918,eccb6f8c9415723ae7d9ad0811c2cdcc985cdee71cc2ba24d056bc2322d18cd6
Sr88_g0u2200,38,88,g0u2200,0.005,2200,1e-07,0,1144,235.044,263276e7f3a82f12b55b973240c27889a402cec8496c878019c2df54d7fbad19
Sr88_g0u2300,38,88,g0u2300,0.005,2300,1e-07,0,968,207.709,2d0260c92060a7dccbf602c8b56c8a50706dd460faf8ed977e3905526bc330ed
Sr88_g0u2400,38,88,g0u2400,0.005,2400,1e-07,0,1144,155.054,5b8879f8d0ca64932b63e2b49e3331a5cfde7639ee594e07b864582e73582d41
Sr88_g2u1000,38,88,g2u1000,0.00125,1000,1e-07,0,0,47.990,fc6d4f55c3baa87e7bd16368d5d2a36f3aff2166595e4e006a37830420954ac2
Zr90_g0u0050,40,90,g0u0050,0.005,50,1e-07,0,0,1.118,14a1e8a373da39e29fe06726f209aa93b81786e94711da62e140458276892428
Zr90_g0u0100,40,90,g0u0100,0.005,100,1e-07,0,0,2.221,73a601d627e7630f2c857b7e502efa9f6c37e23977573e779d13be03df86249e
Zr90_g0u0150,40,90,g0u0150,0.005,150,1e-07,0,0,3.074,395d3a17e87059ee1c7a83e48b92574842fd67228e5c36ac34864f5985ea1a98
Zr90_g0u0200,40,90,g0u0200,0.005,200,1e-07,0,0,3.828,45dd6827139affa03f97fccb702ae5cbdb9b65c24ed9e799287f6585a05fbb49
Zr90_g0u0250,40,90,g0u0250,0.005,250,1e-07,0,0,5.582,a9ebf0d5938192da0977e7c089d9199e10517d37ee1389bde727fd1c492a55a9
Zr90_g0u0300,40,90,g0u0300,0.005,300,1e-07,0,0,5.982,c75f3a529a7fe14e6ef50ee0f0590b601057304cbdfb677ab85fb5853df6e6ea
Zr90_g0u0350,40,90,g0u0350,0.005,350,1e-07,0,0,7.491,604b006937ce440d664303458a7febb361c60c2bc8f4372185518f1aca6ef667
Zr90_g0u0400,40,90,g0u0400,0.005,400,1e-07,0,0,8.895,d953fa2d94e623f1c97aeca456bc3045c8e5ab5ce1de804aceddf3e131fccabf
Zr90_g0u0450,40,90,g0u0450,0.005,450,1e-07,0,0,9.143,7cf2bc4975a2f0c3c9b268c5da74aeccac41b25d7e86496aa91f77d7dc422db7
Zr90_g0u0500,40,90,g0u0500,0.005,500,1e-07,0,0,8.443,8eaef5efd5030251837e5f69205f07d3e9b229319524ca7b4d5b02d90ae69f08
Zr90_g0u0550,40,90,g0u0550,0.005,550,1e-07,0,0,11.603,8b93d4348fb0a168e435884dfa7666d3c1030230a816784a53491a29323dc66a
Zr90_g0u0600,40,90,g0u0600,0.005,600,1e-07,0,0,11.502,bbd02f0422a2aec1a537e6d98d2f35ff5ac9c8e698ad86c7504b8081c7d51366
Zr90_g0u0700,40,90,g0u0700,0.005,700,1e-07,0,0,15.069,253c86bd1183b57a7744f042fcfb456860ce2297d5fe51e6e74c55a84987634e
Zr90_g0u0800,40,90,g0u0800,0.005,800,1e-07,0,0,13.810,962c0bb46b69e43722595a6e7d7e3628fafbde53d6885ae02634fa38c66aba25
Zr90_g0u0900,40,90,g0u0900,0.005,900,1e-07,0,0,17.625,0b29f6996c0172660da1e81d0ae742dd74d6b60f7bfc7a18a3d0708dc6b12b28
Zr90_g0u1000,40,90,g0u1000,0.005,1000,1e-07,0,0,19.473,2a29804e6019d46a4791fcf2ad9662c1d6638bec1eb1f5411f849b8fed3d7e76
Zr90_g0u1100,40,90,g0u1100,0.005,1100,1e-07,0,0,20.281,f9dac95ed914ddef28716daef8d4f5102b8b3c47fca8aec36adbf12f06d732d8
Zr90_g0u1200,40,90,g0u1200,0.005,1200,1e-07,0,0,23.348,193f6fb60fdfb725705db446c45fd6c4b6aa0c302fcecc4b5b23678fd3f2c66b
Zr90_g0u1300,40,90,g0u1300,0.005,1300,1e-07,0,0,25.053,b8589d42945885b559fa72277baebbda1e1f8a3ee5bdc11843bada12b8f6a95b
Zr90_g0u1400,40,90,g0u1400,0.005,1400,1e-07,0,0,23.456,5b52af9c1b0ed3b5e8fa6a34d415aedf94868e662a7622c3930180aee1395015
Zr90_g0u1500,40,90,g0u1500,0.005,1500,1e-07,0,0,37.766,f2d2a1c5c301457431866284a70fc5816559498879c12e523421f5d85202ee3f
Zr90_g0u1600,40,90,g0u1600,0.005,1600,1e-07,0,0,27.834,bb24ad1cac62a1a3d4329c34672be6e81d9aaf59c3f877cdae85d328e0cc4ec0
Zr90_g0u1700,40,90,g0u1700,0.005,1700,1e-07,0,0,35.485,59ed637d95e3356d8ebc1656bec968d3cdae139087cff920fca02965a18465dd
Zr90_g0u1800,40,90,g0u1800,0.005,1800,1e-07,0,0,28.329,5a31874e63dbd37f82d855f204aef46ff9fc4b6dacb70166be744785e61a9676
Zr90_g0u1900,40,90,g0u1900,0.005,1900,1e-07,0,0,39.560,a46e5e46e36e015750cdc137ae6233c3400400801213dd3d819bf621f7c0b0fe
Zr90_g0u2000,40,90,g0u2000,0.005,2000,1e-07,0,704,50.642,a7f7c89883d853c8aa3ceab29a813093952d63e0c67d3af73a5165f252c0fbc9
Zr90_g0u2100,40,90,g0u2100,0.005,2100,1e-07,0,792,97.540,3c3e1cbacc7a778f6668fa048841c3d3867e4e45ba4168f7bec6b64ece843c87
Zr90_g0u2200,40,90,g0u2200,0.005,2200,1e-07,0,1144,175.894,3fd3dcf27aa06eeb7884179e71b79ee7cbd7406a14b658745d41d07a4ada3fb6
Zr90_g0u2300,40,90,g0u2300,0.005,2300,1e-07,0,1144,204.190,e50604b5c8fe60bc0d74bf5462e25f83fca9c9efa25e88cd1f1523e5591376a7
Zr90_g0u2400,40,90,g0u2400,0.005,2400,1e-07,0,1144,152.026,1c061892f9c66a09449865d5754ecbf83e35e37e379d935f333086c1fbf513bc
Zr90_g2u1000,40,90,g2u1000,0.00125,1000,1e-07,0,0,44.312,3a7b2273e6b599060e9fb15df38acb9ec08cda6053931824ff5ac461f11a9aff
Nb93_g0u0050,41,93,g0u0050,0.005,50,1e-07,0,0,1.474,c5b3379df8b78a2e7999a32875e63678327bba30e2bb9e1307a6ff8ac02fdc95
Nb93_g0u0100,41,93,g0u0100,0.005,100,1e-07,0,0,2.373,aff194e90fe077a13c9c03f38666c2f7028712df28fd2d01ad555f7258c84eb6
Nb93_g0u0150,41,93,g0u0150,0.005,150,1e-07,0,0,3.525,60f21e4f368bc87b9e1a4932c12364bdb75c83b22def09ba2c5fd3d90efe055a
Nb93_g0u0200,41,93,g0u0200,0.005,200,1e-07,0,0,4.377,d7b8d645bd45e8755098fbac4c1092d48907766fbbb5556c00020421f6e43d4b
Nb93_g0u0250,41,93,g0u0250,0.005,250,1e-07,0,0,6.208,08289b0c5936b170d0247adadc1d7dd052c0ef3a3377e71aed46d27a82bac58d
Nb93_g0u0300,41,93,g0u0300,0.005,300,1e-07,0,0,7.089,f0b7c5a02a568eb8ee903178e02d3f4e7e53b57fab528fd5419e1fa55deb4f55
Nb93_g0u0350,41,93,g0u0350,0.005,350,1e-07,0,0,8.246,f2f8d2b1e2974d0471afe1f37b88cd84d1eae5b5c303ae25ff57dc2fc3f646cb
Nb93_g0u0400,41,93,g0u0400,0.005,400,1e-07,0,0,7.344,da2af1be5d5c1bd845985c7a3f95905be397cae201870af77554892039c50352
Nb93_g0u0450,41,93,g0u0450,0.005,450,1e-07,0,0,10.551,3e7398f083a9e40034014e297794cfcc3c5d1e5f0078b93098df0d0bfebf7b30
Nb93_g0u0500,41,93,g0u0500,0.005,500,1e-07,0,0,10.694,a88d325b2a27540d5795cb565ac7ee7b0cfd6fafa7a261eeab72906a05524665
Nb93_g0u0550,41,93,g0u0550,0.005,550,1e-07,0,0,14.012,583ef5ef2447f02640dc6411ac596594997e814b1d3222758b685957b44163ca
Nb93_g0u0600,41,93,g0u0600,0.005,600,1e-07,0,0,13.555,707377ca715b14e79d6010437b538bdc164d6f9a4120f3beff6e2a12f316d46f
Nb93_g0u0700,41,93,g0u0700,0.005,700,1e-07,0,0,16.623,25154a6a5d7e079cc0a2d3f7bdbfdffa7baa78331e6be78a851f7558b80ff06e
Nb93_g0u0800,41,93,g0u0800,0.005,800,1e-07,0,0,17.823,45702e04ce1bdb3632a8a1e6e65d507d3afc7d151d6f22b7c328c9ba132d332d
Nb93_g0u0900,41,93,g0u0900,0.005,900,1e-07,0,0,19.631,2d3109949a43f770dbf580dc91033193265b6e2d5bff9beb54e73059797ce69d
Nb93_g0u1000,41,93,g0u1000,0.005,1000,1e-07,0,0,20.227,cde194eac10080528b35eaef30ed952db5c557e50bb318655dd8eae00249e67a
Nb93_g0u1100,41,93,g0u1100,0.005,1100,1e-07,0,0,24.896,1b27b22595b1d754bdb18dffe59053ee1e883caf8d8f9d7db260dad8b9bcd7c5
Nb93_g0u1200,41,93,g0u1200,0.005,1200,1e-07,0,0,20.491,39b010b545ae2863c2202fcf42be51baf5fc79859d007f07d031050644e34d65
Nb93_g0u1300,41,93,g0u1300,0.005,1300,1e-07,0,0,26.401,8ad5ef23e08b2856f06592aac923b31df9d363054ec641ed240edbbd3f17df19
Nb93_g0u1400,41,93,g0u1400,0.005,1400,1e-07,0,0,25.351,5d97bfa9af40dcfa6b3154a049415ed9ed8b53a69ed3c47beeb1745c653408e9
Nb93_g0u1500,41,93,g0u1500,0.005,1500,1e-07,0,0,49.050,fd1646feafc3b8647a24f289d726d5ff9c02d058b3fceb0fd2bfb4088ce1178b
Nb93_g0u1600,41,93,g0u1600,0.005,1600,1e-07,0,0,40.623,62b3874989bf554fc93c93dd1e2134297b5c5d7f4d6694e99eb3c5617ef43997
Nb93_g0u1700,41,93,g0u1700,0.005,1700,1e-07,0,0,37.630,3963cfaea54fdb440c64694a11d9ab358d51d67e4477753946a22a31311a0a5b
Nb93_g0u1800,41,93,g0u1800,0.005,1800,1e-07,0,0,31.904,0bca4d6269ad1356ca7d3a1c319ee73cc7ad6ace5193d0fcf218a58ef38d59cc
Nb93_g0u1900,41,93,g0u1900,0.005,1900,1e-07,0,0,31.996,f972bbbcbc7cc59395c2a0ebf6a5efe1c07bafc35c0d5574cb614ee0e11f8d9e
Nb93_g0u2000,41,93,g0u2000,0.005,2000,1e-07,0,704,61.819,8b9fa7645d28ef4b3d87803a0d50bee13bcdb3d5a51e073bd3deb7d30a07a566
Nb93_g0u2100,41,93,g0u2100,0.005,2100,1e-07,0,792,99.870,e3b72719b84b15e449e33627b74c7c40ee0b4d2f8de1f4582fbfff019b51a82d
Nb93_g0u2200,41,93,g0u2200,0.005,2200,1e-07,0,1144,275.546,8cdbfcf9d0cb0245930248822dc50f7cf7d3a7ef3d65ea0c5356d4ef019f2db8
Nb93_g0u2300,41,93,g0u2300,0.005,2300,1e-07,0,1144,249.451,742ee45486df48591e2d1f7b1f9daa056abe3200f81c07c837fa2e727dd7de1c
Nb93_g0u2400,41,93,g0u2400,0.005,2400,1e-07,0,968,256.089,39c2844f42e821b978e5dd76ccf4c07bcd9d33633c3e05146e66f018543bea5d
Nb93_g2u1000,41,93,g2u1000,0.00125,1000,1e-07,0,0,57.274,125405cb0649b20b92157f5bc31b69cccf70d2746f7cd65493d189de8653bc1c
Ru102_g0u0050,44,102,g0u0050,0.005,50,1e-07,0,0,1.469,42bce96f5a9f0a3ea0224cbd01ac96a9a42b00881353f53b583262a5325cec8c
Ru102_g0u0100,44,102,g0u0100,0.005,100,1e-07,0,0,2.471,506967d3092e08ae9ebb860db95fe9ec099843b3ef53b24d16f66080225ea8cc
Ru102_g0u0150,44,102,g0u0150,0.005,150,1e-07,0,0,3.475,e188bc7de3ccaa297e9fd754d114ca7b2b4848ea2ff4b84f7c1dce4abd48b255
Ru102_g0u0200,44,102,g0u0200,0.005,200,1e-07,0,0,4.428,28dffcfda2df10346250fae813c32fd2e08c3b0151fc6bb947dd44c3e9f61ed5
Ru102_g0u0250,44,102,g0u0250,0.005,250,1e-07,0,0,6.084,f315ab7aa90584327dc434f1a86c2f13cb7ecc893a37cfd9a907efc6da938249
Ru102_g0u0300,44,102,g0u0300,0.005,300,1e-07,0,0,6.986,17c2605f0d413c853bb66af6644c197ddf675f823b7f0191bd6787bbd8436ca9
Ru102_g0u0350,44,102,g0u0350,0.005,350,1e-07,0,0,8.851,290ec6184728e96d0a0f755e1e1277ca6fba715d71fa6957068cf4e3277acc30
Ru102_g0u0400,44,102,g0u0400,0.005,400,1e-07,0,0,9.700,304de609d6202de87183d6936bec5a9ad2c61a3a61a8780a59eff887d11344ee
Ru102_g0u0450,44,102,g0u0450,0.005,450,1e-07,0,0,10.748,217b59db627e0d315243ccc553b74b44ed004289272f4b14ca79d47654736e79
Ru102_g0u0500,44,102,g0u0500,0.005,500,1e-07,0,0,11.003,f57b9e62098b421467c8de2dc79e87bd316c332971c42b864bf8931eb653616f
Ru102_g0u0550,44,102,g0u0550,0.005,550,1e-07,0,0,13.076,54c44635600f6c0a91a694d7c105e568cc1e5ba217e9ddccfd833ef3485ea320
Ru102_g0u0600,44,102,g0u0600,0.005,600,1e-07,0,0,14.011,a75f6f5852fff3a3d43ee244dd06c27c8daa9c91695cf8ad69bc74a6a1e474b9
Ru102_g0u0700,44,102,g0u0700,0.005,700,1e-07,0,0,16.616,0b75b59c65ca3ff7125b36899c15cc8d8b09840ca9f79e19e0ed6126a06ad318
Ru102_g0u0800,44,102,g0u0800,0.005,800,1e-07,0,0,18.280,342801bed7020a0230ee5337b0b32c4541c45bd4c50a1589412714624a59986a
Ru102_g0u0900,44,102,g0u0900,0.005,900,1e-07,0,0,20.631,8f69177fefb1a535a355e90237103ca21ca07752e56f8a3bd58f624f3a11b4c3
Ru102_g0u1000,44,102,g0u1000,0.005,1000,1e-07,0,0,18.772,b27cfa294ef8afd268b75d130b74a0aa8a6e5726eefa0b68cd74596549fdd02c
Ru102_g0u1100,44,102,g0u1100,0.005,1100,1e-07,0,0,22.876,452ba7fb528997d5812857fab44d83d3f783390f52254b15650a90d28fd0845f
Ru102_g0u1200,44,102,g0u1200,0.005,1200,1e-07,0,0,25.397,059a93d1ed3ad21b76ca0d8f661c21ec3a3910715928400026c2a093c8970560
Ru102_g0u1300,44,102,g0u1300,0.005,1300,1e-07,0,0,28.746,b2328ceb54f168d69e1eff4e7cafba5a042d59c25acace4e734b95feb4fa08ef
Ru102_g0u1400,44,102,g0u1400,0.005,1400,1e-07,0,0,28.727,bbc1afb614dfbd39dee0a81cb490087ec2805de71309339a07ff4c5fd2ac379b
Ru102_g0u1500,44,102,g0u1500,0.005,1500,1e-07,0,0,48.528,3a69770a55704dc960484efd85fc8511f69f61e8d7d937a29ef9f7dc816b1263
Ru102_g0u1600,44,102,g0u1600,0.005,1600,1e-07,0,0,37.623,4a98c2c85b1492fcdc7c696bb2c3f67632ed40a1b09ca0b77eb5d8d3a44f04cf
Ru102_g0u1700,44,102,g0u1700,0.005,1700,1e-07,0,0,38.940,a824fc902d4d1c2c05c6e09e114b5481736b732f898cad52ee4c84270b49c480
Ru102_g0u1800,44,102,g0u1800,0.005,1800,1e-07,0,0,31.789,bedb989ee25ef88b191883c2a9107043933b094daee45e16fcb9deb6559d68af
Ru102_g0u1900,44,102,g0u1900,0.005,1900,1e-07,0,0,42.601,0a159263fd1c4ce37185002208bc402fcf3ecf919df8409f32b695c6bb0b3ab8
Ru102_g0u2000,44,102,g0u2000,0.005,2000,1e-07,-6,176,42.514,0cd0f2db965c931e8d7e9f4357700396d157ab85d091c50fea723c6c6567de00
Ru102_g0u2100,44,102,g0u2100,0.005,2100,1e-07,0,1144,264.967,d6f8da44c46926f4fbf5b642642126dca6ea834850729a56d05dc9ac94b1f19f
Ru102_g0u2200,44,102,g0u2200,0.005,2200,1e-07,0,1144,264.515,fefc18d959596834132bbe1f8d7e8ca3f6348becd706f342ad89820e7130d4da
Ru102_g0u2300,44,102,g0u2300,0.005,2300,1e-07,0,1144,249.821,05bddc3388e56cdaea80095198f24dc8256b255ed2a6164000f3483381393bdc
Ru102_g0u2400,44,102,g0u2400,0.005,2400,1e-07,0,1144,203.102,287eb1ddf64ed69400cbb1dfcee321258402e153fd5c6c57fc0012c66468a478
Ru102_g2u1000,44,102,g2u1000,0.00125,1000,1e-07,0,0,60.341,6785e20e5eeca41d44ec824fe374569a4e532927a709d64e91dcf22741b9bfa5
Pd104_g0u0050,46,104,g0u0050,0.005,50,1e-07,0,0,1.574,534739e3e6fb9fc978ef087854403477a4903f7b94ff0c4eadbd4836d8c57498
Pd104_g0u0100,46,104,g0u0100,0.005,100,1e-07,0,0,2.571,5d463b047a1a006294b5059d2f7098d030890c0338b0fb9e4a019e4bc1413c5d
Pd104_g0u0150,46,104,g0u0150,0.005,150,1e-07,0,0,3.675,6625e228e6f089afdda6e0fff2fc84627f7fed486b4481c4768b051a2edc41f1
Pd104_g0u0200,46,104,g0u0200,0.005,200,1e-07,0,0,4.629,e70ceee1e02eb32c5f37518cfc6f597011f0c7556f4a2810e459bf5ef9e76179
Pd104_g0u0250,46,104,g0u0250,0.005,250,1e-07,0,0,6.489,259f59d544ae5d41a08f65ee852678a1961f68ca686e28acf4377bcf3d9352e9
Pd104_g0u0300,46,104,g0u0300,0.005,300,1e-07,0,0,7.495,9dac07c0aee8a721a0b1a7d0ad19bf808ab2ee3c2405a92358f760657be5e89e
Pd104_g0u0350,46,104,g0u0350,0.005,350,1e-07,0,0,9.304,9a8ea0a6d5fa15a5f60a02ab1028520e16fd444bbb4a44b9dc9621629c86436f
Pd104_g0u0400,46,104,g0u0400,0.005,400,1e-07,0,0,8.999,abe56349f12588dcc4dd9e64a87418749064b7b67f6f9feabf71be17b8c303b0
Pd104_g0u0450,46,104,g0u0450,0.005,450,1e-07,0,0,11.252,e2ad2ad4c5d6f63c819bfb21771e6516cf411afa9d34628c5e9c6e5442506219
Pd104_g0u0500,46,104,g0u0500,0.005,500,1e-07,0,0,12.005,ca773f60e642bedf91be70fc780463c3faa9f75b6ac7d640a5380d966cf13336
Pd104_g0u0550,46,104,g0u0550,0.005,550,1e-07,0,0,14.058,1bf0b77ff6b1203460bc286bd2fd32cdaaf231b1242c139ee4327aa3c7843995
Pd104_g0u0600,46,104,g0u0600,0.005,600,1e-07,0,0,15.916,45493c87feec54004b7df034c1eba32a55e2ac45e3576c7412864e5c9f1d9d1b
Pd104_g0u0700,46,104,g0u0700,0.005,700,1e-07,0,0,18.629,0b5663c024c8b2fd571cd4524c18008a36d3885ee539ddf32ca0e98960b9b47d
Pd104_g0u0800,46,104,g0u0800,0.005,800,1e-07,0,0,20.178,f7ec90a348aab91f53ae8a4ade26f5c9826365ea74d0cea9746a23a8abeb61e4
Pd104_g0u0900,46,104,g0u0900,0.005,900,1e-07,0,0,22.194,591a0b73094bd26f0230505cb7e254e570f313e6ca66132cc8b4606650927cab
Pd104_g0u1000,46,104,g0u1000,0.005,1000,1e-07,0,0,20.377,677dabd5d2fd44d6ff4fbeef04e02d7e9b1825b4fbc9564a6d815c306ee87521
Pd104_g0u1100,46,104,g0u1100,0.005,1100,1e-07,0,0,25.792,6a7bac13a590d957739bd08ad3ee0b750370433ee4cd3d703762a25f87ffdd8d
Pd104_g0u1200,46,104,g0u1200,0.005,1200,1e-07,0,0,25.051,c21ceba9c3d5a211adf08f30f079250c9544f8b1510ed64807e68916ce30a6ed
Pd104_g0u1300,46,104,g0u1300,0.005,1300,1e-07,0,0,29.653,0956e9f9eee298bf8498633a5c5321c5a77a6d6594f03727e18b013f7f8987b6
Pd104_g0u1400,46,104,g0u1400,0.005,1400,1e-07,0,0,28.612,1ee919527f43f009cb4e2b507847203ca18b962c547c24cfe0b6905b1e34f65b
Pd104_g0u1500,46,104,g0u1500,0.005,1500,1e-07,0,0,54.220,6c155d96ac4ea642fac90e8f5227bbf606885023dbf4e9d38a9e7c1cea75b635
Pd104_g0u1600,46,104,g0u1600,0.005,1600,1e-07,0,0,43.047,957562e9737a72deef6a3c66296baae624f5b8e17fbb1864985edd2844eba799
Pd104_g0u1700,46,104,g0u1700,0.005,1700,1e-07,0,0,42.302,f8c7ab212b8f011efd28c724b9e0866e08b82da48f676beeb690000bb3d756b5
Pd104_g0u1800,46,104,g0u1800,0.005,1800,1e-07,0,0,34.314,2a705c9f1b922b9014280d506c873550bf75426c4591043a31da5dbd686b13c5
Pd104_g0u1900,46,104,g0u1900,0.005,1900,1e-07,0,0,34.161,164e18d2a6fea184aced930db8ca372de714747a26b1f593cefee72f3f0fb97d
Pd104_g0u2000,46,104,g0u2000,0.005,2000,1e-07,0,352,92.624,7cb7ea3691accbbece118995d2ff21cea02e62c895b5a53df9b88f4d29296368
Pd104_g0u2100,46,104,g0u2100,0.005,2100,1e-07,0,1144,250.744,1150aaa84da8be13a323dfd6254816d4bd6169cfab2e19048a04b177458b0cb7
Pd104_g0u2200,46,104,g0u2200,0.005,2200,1e-07,0,792,173.547,83b7855417196efa75cb931808a3ef7014f509b8bd54ee230f08c4032df01995
Pd104_g0u2300,46,104,g0u2300,0.005,2300,1e-07,0,1144,257.102,92bb9f684e1e96ee6155e7ae4badb886d7f05e49649cdd6e7fa9b25915ba0cae
Pd104_g0u2400,46,104,g0u2400,0.005,2400,1e-07,0,704,109.111,70e63a9ae9bef4d22c1e0dd762cf6199744dead86e57f959a1f5c538ae393804
Pd104_g2u1000,46,104,g2u1000,0.00125,1000,1e-07,0,0,62.705,2e014e2c783ffc15f4a0797061df3e20f60d06b5b81aa4594dccb23b47c4060f
Pd106_g0u0050,46,106,g0u0050,0.005,50,1e-07,0,0,1.576,e65c90d4a130bf53efba16f95c934471a5c3042d805671aad9e9542ecf5a2677
Pd106_g0u0100,46,106,g0u0100,0.005,100,1e-07,0,0,2.572,5e2758b569d48c7d6326a9de32bea4e7e834d4c2e0c9d0a57b07f40805168479
Pd106_g0u0150,46,106,g0u0150,0.005,150,1e-07,0,0,3.576,629c4739ba6b46c82574cbcf2850db937e2d7d8e5d2f1a173cd3ff8f7ac2aca3
Pd106_g0u0200,46,106,g0u0200,0.005,200,1e-07,0,0,4.679,6367c34f670191e26fa0534d8d418ba2fd9ddf89c683c3a765aa6e2700b0a9dd
Pd106_g0u0250,46,106,g0u0250,0.005,250,1e-07,0,0,6.483,8a718fe524d07126fbdd9eb45ff47a769b3bab105608f71b178ac75a8ac4d618
Pd106_g0u0300,46,106,g0u0300,0.005,300,1e-07,0,0,7.488,0e50cc6f84ee1535fc0fea1fcd79ece9dd336384858b82b9ac9a82e58a48bfb5
Pd106_g0u0350,46,106,g0u0350,0.005,350,1e-07,0,0,9.149,dcdfb76fd9dfa86fc89186a76ff5cb3ed856cba23162f46892e7e88ed55ab1a9
Pd106_g0u0400,46,106,g0u0400,0.005,400,1e-07,0,0,8.952,4d5aa54995d116993f190f873556e917e7155d1ba6f6a537222e71ccaeb035c0
Pd106_g0u0450,46,106,g0u0450,0.005,450,1e-07,0,0,11.254,706ec3c0e5561df2f4505e37ba50ee7c2e2fb1fc3e05fcc3707d878c0f99d6ce
Pd106_g0u0500,46,106,g0u0500,0.005,500,1e-07,0,0,11.650,502e0de16176e695a843694b448b0e2734e4a4017a766f250f21dbbd3c94eefb
Pd106_g0u0550,46,106,g0u0550,0.005,550,1e-07,0,0,13.762,aed85c25d29f673646c0c9282d82511cb38127a8a8b7c28de4d516c897e6673c
Pd106_g0u0600,46,106,g0u0600,0.005,600,1e-07,0,0,15.366,0728f83145dfd5c2e1afd2c70f17140f5bfff5bf5021dce599747c04fe305d80
Pd106_g0u0700,46,106,g0u0700,0.005,700,1e-07,0,0,18.173,5f9026d285f76d4676bc9ff6331c75bb60d16eb7cee0dcc22c38fb96d4776ce4
Pd106_g0u0800,46,106,g0u0800,0.005,800,1e-07,0,0,19.977,cb9623e739974da05f20d1ef7b05784dbf5e1e6ad97540bdb9d5aab401c896b5
Pd106_g0u0900,46,106,g0u0900,0.005,900,1e-07,0,0,22.142,39dc1bf1c2378232d9882f95ee12c0dd1deae8df937f7223e60ff36298f1a5f7
Pd106_g0u1000,46,106,g0u1000,0.005,1000,1e-07,0,0,19.775,4b0cde8ee18c83366904fec65b3535771473bb1370506846d619d82595a36ea7
Pd106_g0u1100,46,106,g0u1100,0.005,1100,1e-07,0,0,25.136,0ae2c8085d920a964c6385750c4a7697cf011729e3489348b29fc91bd73ba97e
Pd106_g0u1200,46,106,g0u1200,0.005,1200,1e-07,0,0,25.754,6633ef2fe33c38ebd2b05f30d8d4092eac7e52ecb394e3eb149a582ee19fcd1f
Pd106_g0u1300,46,106,g0u1300,0.005,1300,1e-07,0,0,30.204,485b4d6c7d39bf55a5f6f6dc79ee8b0138e18f032f3dd1308705e800a5ab02b2
Pd106_g0u1400,46,106,g0u1400,0.005,1400,1e-07,0,0,28.621,02bec8b64d09310f91ac6a382ccb5ff12958cbb46e852960680cea0202c53847
Pd106_g0u1500,46,106,g0u1500,0.005,1500,1e-07,0,0,56.167,d8336c0ddc84d2dcd7f0e802452f564cc04e8a035ff5d1411b1255a176438901
Pd106_g0u1600,46,106,g0u1600,0.005,1600,1e-07,0,0,42.046,13985d0639ede46a18b0bb139c8441b5d35c1afcd8756e62072eaf5ba4674076
Pd106_g0u1700,46,106,g0u1700,0.005,1700,1e-07,0,0,41.748,f810cc44fe9fb6c0cb3909193e3d319978dba6ece4c0e1eec6cbc1aef5d633d4
Pd106_g0u1800,46,106,g0u1800,0.005,1800,1e-07,0,0,34.965,2de6586571caf573aa6afd0cbab9704725fc03731fe1009147f03e450faadfae
Pd106_g0u1900,46,106,g0u1900,0.005,1900,1e-07,0,880,90.800,b0589862a82f6cd9ff3e94ec7c61068c9faf450ac871caab19ae113700e7e696
Pd106_g0u2000,46,106,g0u2000,0.005,2000,1e-07,-6,440,53.792,939a402875c9893efacc79f3fa63e7a97efe307867cc4627d30dc809b570aa96
Pd106_g0u2100,46,106,g0u2100,0.005,2100,1e-07,0,1144,262.548,eeeb6616038c329247c7ab662784669363b7381a78b11c6f211329fd34dfd722
Pd106_g0u2200,46,106,g0u2200,0.005,2200,1e-07,0,1144,280.306,5ce8794339acb5dbe8b9f92726d35879d4253ddc6667a41953fe6fdec53ec161
Pd106_g0u2300,46,106,g0u2300,0.005,2300,1e-07,0,1144,258.988,8d4b6e6b05c40851f24e66fc6342d9643294f6b07165d91db0f682c909b194d6
Pd106_g0u2400,46,106,g0u2400,0.005,2400,1e-07,0,1144,237.995,03c749eaf2d2637b58eb6de044d7823cf7fcf3fbf7e14d79d00b8a53ed88ba3f
Pd106_g2u1000,46,106,g2u1000,0.00125,1000,1e-07,0,0,63.809,67053e2f50367618d237c646ebbdbbb7d60d76de8bb6d6588fcf367779cf895e
Pd108_g0u0050,46,108,g0u0050,0.005,50,1e-07,0,0,1.474,3dc20900f6c246856b415c2dccc200062c6886441f7df491ed1123976ec39e77
Pd108_g0u0100,46,108,g0u0100,0.005,100,1e-07,0,0,2.572,604084c1a9ddf3cda5be50734ee0d1cd011fa2dfe01b3d2a491e50c7aa9374c0
Pd108_g0u0150,46,108,g0u0150,0.005,150,1e-07,0,0,3.726,5766825f19592167d0cab519c86598232a4965d2f663b1ff922d5b74e5d9ea74
Pd108_g0u0200,46,108,g0u0200,0.005,200,1e-07,0,0,4.779,6799888ca77da706d7701571de332066f2e5403d069d2401ed8c17d38c645ce5
Pd108_g0u0250,46,108,g0u0250,0.005,250,1e-07,0,0,6.534,caf8281ac49fc9c6f0c2b2b5927a7a9520338a6580416d038768b8a5b772722d
Pd108_g0u0300,46,108,g0u0300,0.005,300,1e-07,0,0,7.442,7293e190f34c09aa5d243f90c3d9d8a1cfe7a401bce11c60764c5ca506d27a35
Pd108_g0u0350,46,108,g0u0350,0.005,350,1e-07,0,0,9.295,81b5576ecb16b177e6da09f13debb803a3cb1dc86c1353a96598ddc4a224fdee
Pd108_g0u0400,46,108,g0u0400,0.005,400,1e-07,0,0,9.050,c6cc5d629308c52787cdb232d0e4b32440a27fefe32738cd7228776ca607fa01
Pd108_g0u0450,46,108,g0u0450,0.005,450,1e-07,0,0,11.251,4b285e1bda2fa8c8753b25e9f95fc29581bf9596201f1ca31208de91dfb987c1
Pd108_g0u0500,46,108,g0u0500,0.005,500,1e-07,0,0,12.099,6b312fd663f2e063d8db4ddc41070c012c68d9a634be0cffe43e00ffaa270b79
Pd108_g0u0550,46,108,g0u0550,0.005,550,1e-07,0,0,13.655,a2a3bc1478c5b976bc1504e8785688191d34c982fb70c1ca6b9443c805ac015c
Pd108_g0u0600,46,108,g0u0600,0.005,600,1e-07,0,0,15.315,ab4a0ae93a9da19bc22f6e7376121f50eac811d979c1852e051e5537ac786f44
Pd108_g0u0700,46,108,g0u0700,0.005,700,1e-07,0,0,18.126,b031da281c30a32d0425b023bb0d303f1900cff016cce4f5be819a421920c048
Pd108_g0u0800,46,108,g0u0800,0.005,800,1e-07,0,0,20.080,31b386a7c48b14aa19274af211d7c36abb00a827024e270eccc996f781309815
Pd108_g0u0900,46,108,g0u0900,0.005,900,1e-07,0,0,22.086,8a223ee90c3f4b49adcbe4c7c09422e0b5441c85bfded251bac1d11c5bd4ae46
Pd108_g0u1000,46,108,g0u1000,0.005,1000,1e-07,0,0,19.874,3f5b5f5dcb41f0368e7149af7b635a7aaa5c2a0f309eb569871a9f50510806ea
Pd108_g0u1100,46,108,g0u1100,0.005,1100,1e-07,0,0,25.097,a1908043a910d96b098721805c1558f2a04e8f0ee869cba67eea019710f9036b
Pd108_g0u1200,46,108,g0u1200,0.005,1200,1e-07,0,0,25.352,4c29e9571ebcb388429f8d2718bed1412d5e586cf6357aa0ff62a873e51d126e
Pd108_g0u1300,46,108,g0u1300,0.005,1300,1e-07,0,0,30.015,40a2f708c7c0d64f9bd4155b4c71c1b4b8433f2f16b6f2ef259545d8317e967d
Pd108_g0u1400,46,108,g0u1400,0.005,1400,1e-07,0,0,28.513,03b0ed4c7bb2c8842b0c4202d1b2bd75b25cf9dea3a3f7a551fd2a55a38015fa
Pd108_g0u1500,46,108,g0u1500,0.005,1500,1e-07,0,0,56.263,e3a9de4dcf5b4b1a43594307166156342f3885444a7ce8547f3812d254d918ee
Pd108_g0u1600,46,108,g0u1600,0.005,1600,1e-07,0,0,42.297,839ff73aa44e2d711f40f99aa56cd3077fef68b06f9f170097ee35a4408c812c
Pd108_g0u1700,46,108,g0u1700,0.005,1700,1e-07,0,0,41.689,2774c934bc1eb71f3b732b3c74ac13e2ed5423d133ecec08c99f50ca490565e5
Pd108_g0u1800,46,108,g0u1800,0.005,1800,1e-07,0,264,46.264,399a90a4256f30e46f7feaa78bcbfe136049ef64d7e2950f2e29d24cc0fa9f9c
Pd108_g0u1900,46,108,g0u1900,0.005,1900,1e-07,0,264,64.298,b79cf13f74e8cf18450de219f8cf4c886fcd6cc45403b7e801c625b54b9aa48b
Pd108_g0u2000,46,108,g0u2000,0.005,2000,1e-07,0,968,114.125,c7684ba82d61f6b197984661213c0e00c20410043b2a368c0835d7bfe86db794
Pd108_g0u2100,46,108,g0u2100,0.005,2100,1e-07,0,1144,265.465,aab9ca6fe29c6a3c76a611fe2df54bd45543e4becdb82a85654c4ca18ddf339b
Pd108_g0u2200,46,108,g0u2200,0.005,2200,1e-07,0,1144,278.946,1b8251720f9d06bf29961431f3bd83b5f38e8be8e922a5b886c7dafada5cdf83
Pd108_g0u2300,46,108,g0u2300,0.005,2300,1e-07,0,1144,259.644,425bf4eaf7b200967c5c682194554913bd1117e822585afaa0ce815db3c85d2a
Pd108_g0u2400,46,108,g0u2400,0.005,2400,1e-07,0,1144,234.842,c25f38a846a865d15c507c53b2bb688d3e2c453647ffe7df36035d50b62f7827
Pd108_g2u1000,46,108,g2u1000,0.00125,1000,1e-07,0,0,63.105,c2d1df9aba8803e3df808ec7b840de0b56f913693a56412e522841b7709d6b6f
Pd110_g0u0050,46,110,g0u0050,0.005,50,1e-07,0,0,1.471,af0f33926618e95906e4008a4068f502e00863d4b9d0a9fa0b4a22db6ba3417d
Pd110_g0u0100,46,110,g0u0100,0.005,100,1e-07,0,0,2.572,a15976fd12d5ba8b696e0d7159908b8ad7c8f5080246efdf1bbd9c6b9c7e0337
Pd110_g0u0150,46,110,g0u0150,0.005,150,1e-07,0,0,3.725,0a0acc36a226108b37cbf65f77b043da397d1867083ea10dc638ca974b1b0874
Pd110_g0u0200,46,110,g0u0200,0.005,200,1e-07,0,0,4.679,b1a64752bf75c048de4ae8979a03eb71964ac0687dae1bd3951835044f801e50
Pd110_g0u0250,46,110,g0u0250,0.005,250,1e-07,0,0,6.584,6371cfc05ef2c90401761866f84eadcb6928dff9c4e93fb24a4833a8ae3c30b8
Pd110_g0u0300,46,110,g0u0300,0.005,300,1e-07,0,0,7.440,3b3c979de3accf8308da75565357af2c33d4b10c455183cdd037fc93bf16303e
Pd110_g0u0350,46,110,g0u0350,0.005,350,1e-07,0,0,9.447,50382b0d91c2130ed9d6368a0a5bf2700a0a76c49bb0e115262a0b798fddfbdc
Pd110_g0u0400,46,110,g0u0400,0.005,400,1e-07,0,0,9.706,269628d869819bca520a8298874ec8563eff97ab3ce91b5ced745b7a4bbf38fe
Pd110_g0u0450,46,110,g0u0450,0.005,450,1e-07,0,0,11.655,322ce926d3673ac2e08e5f1b98db916bbe1b4db2d7614ca9e70f3c7e084a9be9
Pd110_g0u0500,46,110,g0u0500,0.005,500,1e-07,0,0,11.748,3d978ddc520aaea4e21618cbc10fd6364b350bda33ef5f8b26d2b2012f445af0
Pd110_g0u0550,46,110,g0u0550,0.005,550,1e-07,0,0,14.056,93b01cb89c58c0ec92be437eee309f4a593f441d6a7e9d015c04d3a363daa1ce
Pd110_g0u0600,46,110,g0u0600,0.005,600,1e-07,0,0,15.067,21dedb0d6649dd5f44cb39153e1d085dc952ae377eb37b374746813412909624
Pd110_g0u0700,46,110,g0u0700,0.005,700,1e-07,0,0,17.371,526dcd986c0d5200745b0c3515a080c079841509c9a5e6c7c2b01c37cfa5d235
Pd110_g0u0800,46,110,g0u0800,0.005,800,1e-07,0,0,19.628,d2ca8357fb374a1a1bcb2be8021597e9445149b2c5828eb2f1d1ffcac522e999
Pd110_g0u0900,46,110,g0u0900,0.005,900,1e-07,0,0,21.986,def48900d425d5e84e918729141cdc346dcac661194904dc14217b8641ca0084
Pd110_g0u1000,46,110,g0u1000,0.005,1000,1e-07,0,0,19.879,7d28eba8eea93c35fa3e03717a7fef28ffc845aa9b5ca92659f78498de9565f1
Pd110_g0u1100,46,110,g0u1100,0.005,1100,1e-07,0,0,25.091,3e69f9e264dbc4d2f9977e4ea315de76da790c9512e29ce3ca4397ec3d2a3a8b
Pd110_g0u1200,46,110,g0u1200,0.005,1200,1e-07,0,0,26.450,9b9ddfc93a403538561bf01d20a8d0161f419ad7b8941e0ddd33d7e325aa5b05
Pd110_g0u1300,46,110,g0u1300,0.005,1300,1e-07,0,0,30.416,29ce9ae4d2825678c9904dbcfb730f5df4a340f8ee2f673faf7b147db8806652
Pd110_g0u1400,46,110,g0u1400,0.005,1400,1e-07,0,0,29.579,60ee9135cc2698ddad14e33c322c35471d3580729dcb01538ea6e99790e00d3a
Pd110_g0u1500,46,110,g0u1500,0.005,1500,1e-07,0,0,52.546,3e9a97de155a3a07e0beef0a56793a6c979607d91071897e5b2f7692278d1fa2
Pd110_g0u1600,46,110,g0u1600,0.005,1600,1e-07,0,0,40.737,5009d0caffdbfa79d867c27eb3be3c093026f7abdb7d062ccc4a5b93b8757a21
Pd110_g0u1700,46,110,g0u1700,0.005,1700,1e-07,0,0,41.541,a70ba746436e2657d839385d87fb32ccc498c6d1f81b118889c974129670b6af
Pd110_g0u1800,46,110,g0u1800,0.005,1800,1e-07,0,0,33.753,dc05740df3405c48cf7efda1b04af928b828546684d5ccc48ce751bdf4737ea8
Pd110_g0u1900,46,110,g0u1900,0.005,1900,1e-07,0,880,95.375,f3486ce63ef04afbee69b6ce3962d3b09a1b3bf0ff8015b1a6369e159acf8893
Pd110_g0u2000,46,110,g0u2000,0.005,2000,1e-07,-6,528,76.721,7e1efbd1980e3600f124a45fabd08ca417313b94db745b1ca7d8317a1d750ea3
Pd110_g0u2100,46,110,g0u2100,0.005,2100,1e-07,0,1144,268.300,fa2e42b91a33abfa5e57985d8fdc57c212303672988dc89d65b9ad8435f97e64
Pd110_g0u2200,46,110,g0u2200,0.005,2200,1e-07,0,1144,274.485,d2c5001375c7bc054b703532af9a2e4c61ae774d38827bb6b03624a0fab093cb
Pd110_g0u2300,46,110,g0u2300,0.005,2300,1e-07,0,1144,258.342,f0dce1e2c5bc25baf003e3d2689cbe5de0b331ee44b96e0b5c9b76746ba23b8e
Pd110_g0u2400,46,110,g0u2400,0.005,2400,1e-07,0,792,152.550,4f861744a73351753b55538a995eb9dbe00671508eb7f4d8d9d2aceefc4788b9
Pd110_g2u1000,46,110,g2u1000,0.00125,1000,1e-07,0,0,63.507,9a036fcb8c9d9bbd5b9767326bf14bef19d6baa02fcca087ecc7690fe6ae07e5
Ag107_g0u0050,47,107,g0u0050,0.005,50,1e-07,0,0,1.271,137e8fa5c0996a694ea971e4eb695e15d1df4727fe39c0bd5683dc182d5cfeca
Ag107_g0u0100,47,107,g0u0100,0.005,100,1e-07,0,0,2.328,6450445ebbdd024a668eb52598d876e088be03365704db8f97650ac4395674ab
Ag107_g0u0150,47,107,g0u0150,0.005,150,1e-07,0,0,3.678,f06f32fb0907efce905588d12622041fe742c85594b435a3c65c4c292849d67a
Ag107_g0u0200,47,107,g0u0200,0.005,200,1e-07,0,0,4.932,64f474771bff866ef8f3c838ed42d071eaf78366911b65ec5fec509339786b6d
Ag107_g0u0250,47,107,g0u0250,0.005,250,1e-07,0,0,5.136,ec4d27dfd9c5079004b03bff557845b0a33f7f8c5e062d77b7fac340b48b0ca0
Ag107_g0u0300,47,107,g0u0300,0.005,300,1e-07,0,0,7.597,61c58aa1f86e97d57979ebd96e48bf7b867b3eb34fe1be6d695028f33735435c
Ag107_g0u0350,47,107,g0u0350,0.005,350,1e-07,0,0,8.899,e82d12828eeae94315fa462e7b8bbb665267d1d93012562a08bb480938cbfc02
Ag107_g0u0400,47,107,g0u0400,0.005,400,1e-07,0,0,9.348,f80c750253cbe597198674fd7f81392ab52b8ce443ac4b15381a1de0a69efa7d
Ag107_g0u0450,47,107,g0u0450,0.005,450,1e-07,0,0,10.501,5f0b6d46771a2ec515afa18b6d9449684f43a475a621ceb16617432f31ffe839
Ag107_g0u0500,47,107,g0u0500,0.005,500,1e-07,0,0,11.908,d70488ef087f63d368cd59d52a78fc20115b04ad811438f9c93ee553075a8b4a
Ag107_g0u0550,47,107,g0u0550,0.005,550,1e-07,0,0,12.059,334783420006477880a6bbc69ab117f7ced5bd27ab4c52bb6ffe00e3c14ee496
Ag107_g0u0600,47,107,g0u0600,0.005,600,1e-07,0,0,14.969,0006325c0c2de0faa0023e46123b9ec674f1d6af5ef358dd82bd15c0b1e7100b
Ag107_g0u0700,47,107,g0u0700,0.005,700,1e-07,0,0,14.722,1e51c31d9f14488ecaee3778bb659c24fca937c6cc58e12eac280c9c0b799467
Ag107_g0u0800,47,107,g0u0800,0.005,800,1e-07,0,0,19.388,6578777eaca859428de4b1fd12806c9cf3b4ad1735f88cdeec8cba7d9a333745
Ag107_g0u0900,47,107,g0u0900,0.005,900,1e-07,0,0,19.538,6b961f52759d46af2e05c5b57ea59caa5e4b549b394e103b8b7414d78247c05a
Ag107_g0u1000,47,107,g0u1000,0.005,1000,1e-07,0,0,23.154,0c8bfb028212d638d72f2ae88b5915779095da23e9ca8636bcbed830a7d2f32d
Ag107_g0u1100,47,107,g0u1100,0.005,1100,1e-07,0,0,27.213,ad089870c9ea94a46016fce56bae62bd8a0f8ed45616d83c59bd95a88f59fc26
Ag107_g0u1200,47,107,g0u1200,0.005,1200,1e-07,0,0,23.351,16fb9d00f6b5e0c6742a2060e03979373c85ee58c1a6a822e5303e6446131eea
Ag107_g0u1300,47,107,g0u1300,0.005,1300,1e-07,0,0,30.113,e4d454ecd512e471c735044af57e4e59ed32b6725663e75dea3c50c6ca2ca76b
Ag107_g0u1400,47,107,g0u1400,0.005,1400,1e-07,0,0,27.322,700327dbe6af6d84cbf5f5a7c07ab73ee9eca2d5e21a298c72a8b82d159d1447
Ag107_g0u1500,47,107,g0u1500,0.005,1500,1e-07,0,0,34.522,9b6c05d912c9af4af258ef36a3d603c3a789d7a40711019db01fe184fc1371e2
Ag107_g0u1600,47,107,g0u1600,0.005,1600,1e-07,0,0,47.872,932fc96aa114f1174e4b26c426c5ae4de5a513a91cee4a20b73233b6912c6be5
Ag107_g0u1700,47,107,g0u1700,0.005,1700,1e-07,0,0,37.231,352d773868886c2538f5cde1cd6588940a00de9737f497b6eda6da49e9594796
Ag107_g0u1800,47,107,g0u1800,0.005,1800,1e-07,0,0,36.762,2bbc6e263ba4a607f8343d4b9079a536e03b0b02db7134ce6c81ec822abc7548
Ag107_g0u1900,47,107,g0u1900,0.005,1900,1e-07,0,792,68.277,c537dd0a3619b2867970c059ba0cde15f0fc974ca9eadc63fe0f34c984d07534
Ag107_g0u2000,47,107,g0u2000,0.005,2000,1e-07,-6,352,52.504,11ab43549bd87e43f659b27fe14900e6282fe1b8f1fdf8b613a74da58ca97529
Ag107_g0u2100,47,107,g0u2100,0.005,2100,1e-07,0,1144,235.179,7b7512db452ae5d6225cd131ce561f73bd0a3a2b760e6abb019b1415d6b626ac
Ag107_g0u2200,47,107,g0u2200,0.005,2200,1e-07,0,1144,265.825,c28b4f17dcbf9c76484df511d68086bfedec593523588fe3229dd308b26b7360
Ag107_g0u2300,47,107,g0u2300,0.005,2300,1e-07,0,1144,250.465,61e93412b459cb35494cf96644c1b388be46b790d3a719500792c5a1e62ef029
Ag107_g0u2400,47,107,g0u2400,0.005,2400,1e-07,0,1144,274.839,cf9ee03583616a57a8fbd28bfe097ab84cef061a3c0bd2a852d1ab6fdabac528
Ag107_g2u1000,47,107,g2u1000,0.00125,1000,1e-07,0,0,59.957,57d8cce2c7c4a0eb13a735450d48f5d6902213aa46a1e33a76b1ff97813f04c8
In115_g0u0050,49,115,g0u0050,0.005,50,1e-07,0,0,1.472,e1dbcc71ae53d5bf05f731808acb415abc55fc73c657e8d3cabf089603ad202b
In115_g0u0100,49,115,g0u0100,0.005,100,1e-07,0,0,2.522,e9217a438a4af3e7a31c94333306c4f9d89eb0dd1ec4407bb42225a9c636d424
In115_g0u0150,49,115,g0u0150,0.005,150,1e-07,0,0,3.726,b290b093fb1f86e1416fe3a223454c84e27976e7de2a145526799cdaa4c142e7
In115_g0u0200,49,115,g0u0200,0.005,200,1e-07,0,0,4.778,82020ad541eaf61d12310183aa2927bee42068ee08159b11563dada530e6d3a3
In115_g0u0250,49,115,g0u0250,0.005,250,1e-07,0,0,6.407,594bf4a75b860a25542bfa9c2f1350238c35226a4988259aa2cad50cb6a3267d
In115_g0u0300,49,115,g0u0300,0.005,300,1e-07,0,0,7.690,0dfbf3e952aeefe9b0fb9691aa4e33d6b18293767d6b969a45573692f03cc79c
In115_g0u0350,49,115,g0u0350,0.005,350,1e-07,0,0,19.931,76baaa0e1ad6472914a3b5a6cf3101883d8b243926134a9ed7bd261b47ff6d5a
In115_g0u0400,49,115,g0u0400,0.005,400,1e-07,0,0,7.796,7f536f6cdd1ad658032dc31be768c9ba2d03e012ff1cf12703d8db7d22ec0536
In115_g0u0450,49,115,g0u0450,0.005,450,1e-07,0,0,11.154,6bf2bc6a595a668cf892fb521217ae249612c2324dbf5883df5ff371c781b229
In115_g0u0500,49,115,g0u0500,0.005,500,1e-07,0,0,11.603,22f1a22220f55280135c8b48d12ef70b1e389dea1166bc3ecd9892ab44c39e9a
In115_g0u0550,49,115,g0u0550,0.005,550,1e-07,0,0,15.013,7bb22fbc9f405ce172d7aa6ea84b738c174e5f5560e1fcd63ea9df8af63b84b2
In115_g0u0600,49,115,g0u0600,0.005,600,1e-07,0,0,14.609,b9f8ba227b70854e7022def85c7373edda628db06862e4b893262fd7501ccc5e
In115_g0u0700,49,115,g0u0700,0.005,700,1e-07,0,0,17.173,472189028b422e9ffb3581370d837f9bb6699d1b8561560e6f5cc4ccc975d983
In115_g0u0800,49,115,g0u0800,0.005,800,1e-07,0,0,19.231,f16fcd41984b38bb4270a753bef951b3fcb780634e38ae9a4528a9d12ffefc53
In115_g0u0900,49,115,g0u0900,0.005,900,1e-07,0,0,21.728,c5453803e898d12e84028ebb0b14684206dce29a4a38c7a7a579ee56ac45bfd1
In115_g0u1000,49,115,g0u1000,0.005,1000,1e-07,0,0,22.543,eb942dc28410dfa582a200e4ff8226df4be185c00b04a09bbb447721a8a53af9
In115_g0u1100,49,115,g0u1100,0.005,1100,1e-07,0,0,27.608,d22a2cfbe25e8e8885ffdf8af0944335c8f27a37678cf6bdb4afa490c6bafa30
In115_g0u1200,49,115,g0u1200,0.005,1200,1e-07,0,0,21.999,244fd634ae370332aaeba7fd352853bb9b4c74f80565ab1818b36542e979dac5
In115_g0u1300,49,115,g0u1300,0.005,1300,1e-07,0,0,29.259,e50aa0e6f2f9ac9e964fdfb1f5c1567d7c0947d9ed9fd2605b391cec4a05032c
In115_g0u1400,49,115,g0u1400,0.005,1400,1e-07,0,0,27.053,ddd61f5c7778bb0787f516a199de0b0daddea62911df37c6e03e15bb9cc2c3bb
In115_g0u1500,49,115,g0u1500,0.005,1500,1e-07,0,0,54.484,02c6c9b9d21129252fd1cd61d159da55f9b6dcfc53001addb02cbfde6b2f2ac8
In115_g0u1600,49,115,g0u1600,0.005,1600,1e-07,0,0,44.940,41ce5917db37c0b7c0d6f7c1bbd5ce2f918d1e769fe5e050e6f9bef903a5ac26
In115_g0u1700,49,115,g0u1700,0.005,1700,1e-07,0,0,40.895,cacca922bd5d12bdabfa4aef9941bda54e3866b1b9c52c3aa8a7c39dfdef8ea8
In115_g0u1800,49,115,g0u1800,0.005,1800,1e-07,0,0,34.413,4d77b6c1b9be2939d1083a5c55ceca0f2d569b2a2e84ece8e5740be7c5911ba7
In115_g0u1900,49,115,g0u1900,0.005,1900,1e-07,0,792,65.536,4e4e9099ea45e6c8a7935bf09d121f0bafa78371649a9b03bb68dafcdc2bc386
In115_g0u2000,49,115,g0u2000,0.005,2000,1e-07,0,1144,133.922,73c295c07d283ef286061386e59ba6c8309245ea59e1609f218022d4651d75c7
In115_g0u2100,49,115,g0u2100,0.005,2100,1e-07,0,1144,240.744,9484b88163ef0665f08b270164a7e7c306efb4d142834acd238d8715f8771947
In115_g0u2200,49,115,g0u2200,0.005,2200,1e-07,0,1144,286.237,06144d850d29da02fd28a5b25568f0f5e2d31f7a70a0422cc13afc789aef5777
In115_g0u2300,49,115,g0u2300,0.005,2300,1e-07,0,704,146.319,0ecab7276098797685a80b4d80586965f5ec7b80af663de802a91dda77ef2ec4
In115_g0u2400,49,115,g0u2400,0.005,2400,1e-07,0,1144,293.189,3843bdf2f6f280ec6a63f4a7235c892d08897a603171972468a8e4aad30a8db6
In115_g2u1000,49,115,g2u1000,0.00125,1000,1e-07,0,0,60.992,faa72bda0c7ad5031d485fb3281545241063b637160ea6ea7632bda2e1bea824
I127_g0u0050,53,127,g0u0050,0.005,50,1e-07,0,0,1.520,1d5bdfcfc15b59c492fa46097a45b7336e08932238a08000afd9d4d54b9f598e
I127_g0u0100,53,127,g0u0100,0.005,100,1e-07,0,0,2.572,789181de082a1866ff14af21dfc09f41889c63f365eb86adc03ff7ac8103a5f1
I127_g0u0150,53,127,g0u0150,0.005,150,1e-07,0,0,4.028,4043d0e2cc3a626f8b3d8b0dfbd76e16306ddcb98a745608a2addebc28025ad2
I127_g0u0200,53,127,g0u0200,0.005,200,1e-07,0,0,4.979,9e5a29224f59f97bda5023cc26bd59aeeeba9fb5dbfe0f7b960700e95070678b
I127_g0u0250,53,127,g0u0250,0.005,250,1e-07,0,0,5.867,4b22f9736dadfec04d02b3f38ecb94e1eff1e6250a97176a950a7c08af4b53ec
I127_g0u0300,53,127,g0u0300,0.005,300,1e-07,0,0,7.788,7a46be51f03a81a55d6d63fdb1c00f79def00bec20413719c4e0ec24822182e2
I127_g0u0350,53,127,g0u0350,0.005,350,1e-07,0,0,8.792,c621c85757f5504d35a4b0d307795abfd962d705ff636fb11f88b3a4e706d9fa
I127_g0u0400,53,127,g0u0400,0.005,400,1e-07,0,0,8.598,887d2383a90f601fe3944691dd783f3a48b106f52b846f883d536af7794cc2f0
I127_g0u0450,53,127,g0u0450,0.005,450,1e-07,0,0,11.453,e484741a081741ac5070868e9b087e12d9a70303c40b5573fe2ad50143c5eded
I127_g0u0500,53,127,g0u0500,0.005,500,1e-07,0,0,12.104,515a54d5e98aa4c627e79c531c7a6579b1f8f755cde1b00b5fc1389a1833e014
I127_g0u0550,53,127,g0u0550,0.005,550,1e-07,0,0,15.169,ef3d1ce681729124bc1986f5cbb23ade96d57a42b24dcf11ba855dd9c1043cff
I127_g0u0600,53,127,g0u0600,0.005,600,1e-07,0,0,14.962,83a3c7470cf1279dbff82fe04ca3e59518f74468e1a697dbd78af15468e5a01e
I127_g0u0700,53,127,g0u0700,0.005,700,1e-07,0,0,17.189,b9450061e102db0441503752dfdfe9a99af00da564b0374729287b74fa1d41df
I127_g0u0800,53,127,g0u0800,0.005,800,1e-07,0,0,19.934,e09cafe7576c4aebbf539c361d10a845a86697516b0d71b4359e92626f77f779
I127_g0u0900,53,127,g0u0900,0.005,900,1e-07,0,0,22.736,15804aa51fb8a620f5893bade012e74d077e9fcb29e730f683545132703bdb6d
I127_g0u1000,53,127,g0u1000,0.005,1000,1e-07,0,0,24.651,f44765c5f52b334156d2e9aae505b0fce5462cd273cfc6a23dd33d36701da3cf
I127_g0u1100,53,127,g0u1100,0.005,1100,1e-07,0,0,29.975,49e2bf7954d32fbebf4d4447381e81b54c7eab6ec65051a874337d68123ae621
I127_g0u1200,53,127,g0u1200,0.005,1200,1e-07,0,0,22.593,bb25517bba9bdd1ad172ba48871bc472d4266aa30ac442253fafed364ca01171
I127_g0u1300,53,127,g0u1300,0.005,1300,1e-07,0,0,30.615,77a4b9ca5eea3459b16c0f06c4d50efeb85bb829af41c6446a367292a2b3eae7
I127_g0u1400,53,127,g0u1400,0.005,1400,1e-07,0,0,27.153,091721d422efc18ad032d8a4faa5f820b3759534a89e41c8f71478c10b45767f
I127_g0u1500,53,127,g0u1500,0.005,1500,1e-07,0,0,52.865,4ff18e9f8148281e10c6fa88c785827c69ae939bdcc55ccd60d406ed022e49ae
I127_g0u1600,53,127,g0u1600,0.005,1600,1e-07,0,0,47.397,f014ff36f1a789f79626c4187a342bd0bbe451d401d8b2d9d430b63840f93da2
I127_g0u1700,53,127,g0u1700,0.005,1700,1e-07,0,0,38.355,b9e3b51eb916a1d22fbae4efd9aa0656baf08226f83047b0c522d61f068f4737
I127_g0u1800,53,127,g0u1800,0.005,1800,1e-07,0,0,36.020,ff38f6d460e6fcdd5df383074a2b93c8c7e6651439f8e48433bf2ee136503228
I127_g0u1900,53,127,g0u1900,0.005,1900,1e-07,0,792,90.793,cb16a78edfb57a30d0859933c69d24e56f89d05cca8dbc25a73541e6a66f1b2e
I127_g0u2000,53,127,g0u2000,0.005,2000,1e-07,0,1144,184.832,ae0cc3c5170ec3f5f84331a262277c8a43a6c9d95ba5a6d4980da5f07d85aa96
I127_g0u2100,53,127,g0u2100,0.005,2100,1e-07,0,1144,241.443,71a01db97303d07a9b3bb2bd9be8d8478f02e0c807986262d5502ce5239d3fd2
I127_g0u2200,53,127,g0u2200,0.005,2200,1e-07,0,1144,281.152,8d09c50879139efe1ecbec12f6c126164c10a339294e28f7aeb098b60bc95db9
I127_g0u2300,53,127,g0u2300,0.005,2300,1e-07,0,1144,261.759,27b73b05f01dce37c0ca78310b5ff2bd4d6538ba64d1b54085ef9e72a9e7a5f9
I127_g0u2400,53,127,g0u2400,0.005,2400,1e-07,0,1144,287.905,5947be8893a476b8e7d7c75d05c4dac74edbdb6323299142f3d83c4e3153e28d
I127_g2u1000,53,127,g2u1000,0.00125,1000,1e-07,0,0,64.712,de622be85d7c35c626237225141c075a1f01d25e2e89775813970b26af9a24d6
Cs133_g0u0050,55,133,g0u0050,0.005,50,1e-07,0,0,1.421,32c8e00911cf089ba146c351b28ee7912460db7099b8539874c16281878d8813
Cs133_g0u0100,55,133,g0u0100,0.005,100,1e-07,0,0,2.622,b3cd7dd15b4d638b7b54462b72ce180d0b420b26aebe05c86eba25050cafa658
Cs133_g0u0150,55,133,g0u0150,0.005,150,1e-07,0,0,4.026,9d7ac5fba09e518230a442a55ccee61db982b035e84532ca8c19ae54718cd3dd
Cs133_g0u0200,55,133,g0u0200,0.005,200,1e-07,0,0,5.233,72e5e4c945e0b6086541825cfb54f65dd02d08a303c73cc4b731dc0172a45b0b
Cs133_g0u0250,55,133,g0u0250,0.005,250,1e-07,0,0,5.383,0c971a1f28bd2303d1acaef2ccd4c1c9e4e17a3030879e98f31f5987c8e1559a
Cs133_g0u0300,55,133,g0u0300,0.005,300,1e-07,0,0,7.740,0862d12e0901a8c2153822e9d92dc69b069374531c8efd045a01eccd8237188d
Cs133_g0u0350,55,133,g0u0350,0.005,350,1e-07,0,0,9.345,d58c256de3b7f751a18092b4e730fffc7943a659bc3bd7befbd99d8807fff730
Cs133_g0u0400,55,133,g0u0400,0.005,400,1e-07,0,0,9.445,ece0a31f1d71a8bec6986ee063b17d091e9e83f993e18ae534298a77fe242025
Cs133_g0u0450,55,133,g0u0450,0.005,450,1e-07,0,0,11.550,be028dc5f2b5609cc3760680242e0b5de65393c218bde27c61efef36458cab50
Cs133_g0u0500,55,133,g0u0500,0.005,500,1e-07,0,0,12.557,5ffd5f71320b4fb11e724da7d440649982b153bd2dcb46c1cd13e1906720c688
Cs133_g0u0550,55,133,g0u0550,0.005,550,1e-07,0,0,13.810,399897d0947b0026e7eeb0551ab7fa44389c565112cdf6d1fa2504deb8c93bae
Cs133_g0u0600,55,133,g0u0600,0.005,600,1e-07,0,0,15.610,8c401c89c2d40d93473e38ed593aa8abe7818cbd22b5e14cfef4e1dd635f0b9d
Cs133_g0u0700,55,133,g0u0700,0.005,700,1e-07,0,0,16.223,1b836100cab0fa6eba9a1f440e282112e7203752ba41cd76bbd56dbf080682ae
Cs133_g0u0800,55,133,g0u0800,0.005,800,1e-07,0,0,20.490,1b321628ab2b30561c8e43087d81b9134ce406548409e5daa462b23bac643c69
Cs133_g0u0900,55,133,g0u0900,0.005,900,1e-07,0,0,22.737,3a12b001242dc31710233a74ce41eff31d8c14cd949d7e64595d47112fcde4ac
Cs133_g0u1000,55,133,g0u1000,0.005,1000,1e-07,0,0,25.052,479bd88ee2dda5e0fdaf4f877c1729bff5df5026b8bae905967ccfa08edd43b6
Cs133_g0u1100,55,133,g0u1100,0.005,1100,1e-07,0,0,30.269,1c5840ec8b033ac6510881ac9f8e7843d7bff56937b47c25fadde89cfc52b288
Cs133_g0u1200,55,133,g0u1200,0.005,1200,1e-07,0,0,24.097,a3ff40dbb93c9a5d2c398e6d033cbf06073270365e8fa3da53195872d43ab653
Cs133_g0u1300,55,133,g0u1300,0.005,1300,1e-07,0,0,32.218,16366480081f4d4ca06f4850e9610af9628bb8ae1acd03376f22272c269b62d4
Cs133_g0u1400,55,133,g0u1400,0.005,1400,1e-07,0,0,28.663,c0b97da391d297ff6c12914246664b88f973e8c98c3fdac4488b7d03a0de51a3
Cs133_g0u1500,55,133,g0u1500,0.005,1500,1e-07,0,0,43.609,1bda8455ed0d717f166b6a6a328f56b0026bddfec1ae12fce0d8c55baa299530
Cs133_g0u1600,55,133,g0u1600,0.005,1600,1e-07,0,0,50.907,e798948f02a973e788ec6e5c1b6806562368468d77b81070d18a1c267f8c657f
Cs133_g0u1700,55,133,g0u1700,0.005,1700,1e-07,0,0,36.861,f2c289d19f100db54a22b1a2b946478e587a7497b890c3ed7513cd514378c5c5
Cs133_g0u1800,55,133,g0u1800,0.005,1800,1e-07,-6,352,43.995,6ea39eb2cb3f1614ee84d2025c355361cea8b19a81b26b1991b9c530f4926be6
Cs133_g0u1900,55,133,g0u1900,0.005,1900,1e-07,0,968,573.973,012acb9fdea7ea37dcd649313af161ac2295d4972a15dd60a321c8c10badb8b3
Cs133_g0u2000,55,133,g0u2000,0.005,2000,1e-07,0,616,71.314,3186acd88a417bd5e2e5d474b2832f25b7e48a4ff2b28a23dfed886d03f0297c
Cs133_g0u2100,55,133,g0u2100,0.005,2100,1e-07,0,1144,249.010,cb26b7a17271250e3d2ddeaee067a26fa6ca43c7930ce750276f0c2b3f07a18a
Cs133_g0u2200,55,133,g0u2200,0.005,2200,1e-07,0,1144,285.671,d004b8964d38d0b9c433e0e3d7b0067d7069378886333c0eb85493dd68c94b11
Cs133_g0u2300,55,133,g0u2300,0.005,2300,1e-07,0,1144,262.488,2cdd6c74845fa9aa0f272efcf3eff7f8a869ef4e4267f1dd2a3869931048738f
Cs133_g0u2400,55,133,g0u2400,0.005,2400,1e-07,0,1144,288.429,0cec6f5b65111cae8caced7bbd307ef2f15df13ed7bdf0a74a2557a932674545
Cs133_g2u1000,55,133,g2u1000,0.00125,1000,1e-07,0,0,65.623,691865c3be1325af1f5475cb37f162e0e7762bd4dffe58e073383388530185cf
Au197_g0u0050,79,197,g0u0050,0.005,50,1e-07,0,0,1.573,c9717b55ec38931556e99848953a4c229f0bdbd9c69a14fc823ae38532b00576
Au197_g0u0100,79,197,g0u0100,0.005,100,1e-07,0,0,3.026,06cf06a1905b4ec1d80355838d8f41384792c45cb5a8a15f089abbe85350b43f
Au197_g0u0150,79,197,g0u0150,0.005,150,1e-07,0,0,4.782,9c165960ea2dcef960750f1add3882bc68cbe608025ee68244d1039d2cbab947
Au197_g0u0200,79,197,g0u0200,0.005,200,1e-07,0,0,6.191,c9e2a54d15925d727ff45989a01f10f5477eaa2f2a42ee75e2e2cef0e51f27fb
Au197_g0u0250,79,197,g0u0250,0.005,250,1e-07,0,0,6.740,c3cf3264f62194dcfbb88b406720b9afadd4c823cef5888e31210d0ae5ffbba9
Au197_g0u0300,79,197,g0u0300,0.005,300,1e-07,0,0,9.501,3b4a4936990d47bc323df3b5041d0e9b3e2f4dbedcbd4add911d1eb15cf56fdb
Au197_g0u0350,79,197,g0u0350,0.005,350,1e-07,0,0,11.355,4723622947c1855df576dded7f0aa83ec63a465a278d0f0dd5efd0a5187c0d22
Au197_g0u0400,79,197,g0u0400,0.005,400,1e-07,0,0,11.601,f776c796de36150ef0bb6ec3ace2c842048b02d5c8c350bab308576692db4e46
Au197_g0u0450,79,197,g0u0450,0.005,450,1e-07,0,0,13.559,047ae82ad74d318befaea3e226de844831f6baa490625cf1482d6b2dc3912e75
Au197_g0u0500,79,197,g0u0500,0.005,500,1e-07,0,0,14.965,c94948896a28dcdf846e2b886b2b529bf823ea49abf09cba85de10c8b5282bd5
Au197_g0u0550,79,197,g0u0550,0.005,550,1e-07,0,0,15.621,03dc0242af9c97acd90e225cbf17d6f6236125ca8d0b363334c529c9e0d3874d
Au197_g0u0600,79,197,g0u0600,0.005,600,1e-07,0,0,18.528,2b7f39d288a9caf0b9a80a8a2c42264b7a3c3e3272faadad524859416b10d3a2
Au197_g0u0700,79,197,g0u0700,0.005,700,1e-07,0,0,19.249,93e50b907706f694b1308a2899798bdec94e576d036101b689556415c06bd297
Au197_g0u0800,79,197,g0u0800,0.005,800,1e-07,0,0,24.504,6c00ba3a55bf5f1e78c795949da845526c098d9a61c755edfff53ca55ff0ed53
Au197_g0u0900,79,197,g0u0900,0.005,900,1e-07,0,0,25.658,ed97039c1f3435c30e0d32b5aa877813b2435c9fd9a015618dc21ea99ea18bbf
Au197_g0u1000,79,197,g0u1000,0.005,1000,1e-07,0,0,30.025,e66e9a0fbc13be5e43984b3daf17020a08de664c5e967434dcc779cc2c66b1e5
Au197_g0u1100,79,197,g0u1100,0.005,1100,1e-07,0,0,34.233,d1c27a01f2588de22b3baaa54c138be334fc5649ef069fd238ffbad30f48abbc
Au197_g0u1200,79,197,g0u1200,0.005,1200,1e-07,0,0,29.279,b398a8e99e8117a32f3d42a8616ae6ac3058fff9532056e54a08ef417c5edb4d
Au197_g0u1300,79,197,g0u1300,0.005,1300,1e-07,0,0,38.541,a0b54725d8ec4395c273c7e60105fde77fbbd99ddde13e6021ece08b428a9b89
Au197_g0u1400,79,197,g0u1400,0.005,1400,1e-07,0,0,34.699,b50f96caa0af57cf754c61abec314e2afc8c93803a5aafb726f602c063e7c9cf
Au197_g0u1500,79,197,g0u1500,0.005,1500,1e-07,0,0,46.724,099d90e3744f9e3f53c673ce575c3906b98086eb72cce8648e7e272681b0f34d
Au197_g0u1600,79,197,g0u1600,0.005,1600,1e-07,0,0,60.320,b1eb3b535817be5b951b6db39e6c156203d085a070c88940df29bc9999ac5741
Au197_g0u1700,79,197,g0u1700,0.005,1700,1e-07,-6,880,208.412,635682ea10afd12b64b07df66564247478ad63d262591638246ec959987ba178
Au197_g0u1800,79,197,g0u1800,0.005,1800,1e-07,-6,880,179.473,8c185cc4bd304955520454e84f504ccfe6c2a8e4898b0fa7f14ffe6edaeb4b3d
Au197_g0u1900,79,197,g0u1900,0.005,1900,1e-07,-6,880,195.635,ad24dfb974a7391a80f2e3bf051ed202e650d3f5cff4a3d443dccb3f2d97d233
Au197_g0u2000,79,197,g0u2000,0.005,2000,1e-07,-6,880,189.688,5f513ed0dce7b9aefdb9629f659125c035ad41987557799118b7d6590723d0c8
Au197_g0u2100,79,197,g0u2100,0.005,2100,1e-07,-6,880,248.170,6cedcf21f9d562e93593802e4cf99680788ac6939d21b22f5ff00695d4f8d6da
Au197_g0u2200,79,197,g0u2200,0.005,2200,1e-07,-6,88,39.072,462b63ca2ac9e663eee362506d66cd12b08bf2dce39224f32d24f3b6919acc0e
Au197_g0u2300,79,197,g0u2300,0.005,2300,1e-07,0,880,4.838,cb302c1caf96be4c3b59412441e2ad14df031128f004580fe0c69b840e5412b9
Au197_g0u2400,79,197,g0u2400,0.005,2400,1e-07,0,968,6.190,41c46b743f40b0c8433d3ee4acce44647332680e17728ab1c9a08d4799801418
Au197_g2u1000,79,197,g2u1000,0.00125,1000,1e-07,0,0,76.838,41f3fe0723332f9ff14fed8635081407245ed1ec675b96f1172c45d036d26b18
Tl205_g0u0050,81,205,g0u0050,0.005,50,1e-07,0,0,1.519,5f2373e51b279dcf6b4da2ad29d87a499d6cf9eaece5049527c75cf1920fc552
Tl205_g0u0100,81,205,g0u0100,0.005,100,1e-07,0,0,2.974,6112f59c67407eb21818b690492546b765aee1b4e7db12951491512e06f80f3e
Tl205_g0u0150,81,205,g0u0150,0.005,150,1e-07,0,0,4.177,65480dd4ed1217c01584e969b4b6bddc11837fd3a4fed6fdb17f7fe065e48de3
Tl205_g0u0200,81,205,g0u0200,0.005,200,1e-07,0,0,5.082,4a186caba0ed8a5f9cfa007d042c3015c2519039ff8faac753d17f1e80bf2f24
Tl205_g0u0250,81,205,g0u0250,0.005,250,1e-07,0,0,7.791,488fd8adf92608811d4586affde40fb81fa47eb3ff6b5567e72a5258de90cd29
Tl205_g0u0300,81,205,g0u0300,0.005,300,1e-07,0,0,8.540,f5c3c44268a47853e7fcbc8c34a5784c62d5153aae3872e7a7c4e1b47974eaf4
Tl205_g0u0350,81,205,g0u0350,0.005,350,1e-07,0,0,9.958,218d237f011c361ddaccc8fe78446563c6632a9b087faeddc5b088ba3e80d67e
Tl205_g0u0400,81,205,g0u0400,0.005,400,1e-07,0,0,11.949,18cd99a8f481c12fe8fa1feef9cc10c1db9956213d6caca4495d1cc8d6b6f99a
Tl205_g0u0450,81,205,g0u0450,0.005,450,1e-07,0,0,12.806,d23bd150e6a879a9bc34d8db9f82a26b59e12a20651426a8fb1632ff0fe8f5a9
Tl205_g0u0500,81,205,g0u0500,0.005,500,1e-07,0,0,11.504,d3697626852e6f3c974b006a9a288f0b262ec4d89f701e3e72818c5c9e0474d3
Tl205_g0u0550,81,205,g0u0550,0.005,550,1e-07,0,0,16.364,858e4a02afb22e88566b83e7bde86e89d74e27c3a1165a46f079b8c13e7bcc41
Tl205_g0u0600,81,205,g0u0600,0.005,600,1e-07,0,0,15.420,ec04dde9f33fb691960bbff939f7682f6200774f61a3ac31fa2aae38144b3af2
Tl205_g0u0700,81,205,g0u0700,0.005,700,1e-07,0,0,20.036,18d0fb5f6f58aaab861e5bbf420cee4e0c5068b2288b7ebc5c0873e9423ea8b3
Tl205_g0u0800,81,205,g0u0800,0.005,800,1e-07,0,0,19.080,b95c7112b4106cf73cf7ac4e351edf598766575fd5b76fc341053a8601f32ac6
Tl205_g0u0900,81,205,g0u0900,0.005,900,1e-07,0,0,24.699,4e2f7f8c93ff097d66da0cc8575703613020791f8035f5cb6d59a752bcd5e500
Tl205_g0u1000,81,205,g0u1000,0.005,1000,1e-07,0,0,26.202,b84f17675738f0366a9bbffca3c09790cc7e8c553d66533cdd614a836333311a
Tl205_g0u1100,81,205,g0u1100,0.005,1100,1e-07,0,0,28.209,b37c7225015b29fde18aa0859943add00ca487f808deef231c8879f03716515d
Tl205_g0u1200,81,205,g0u1200,0.005,1200,1e-07,0,0,31.875,810e49a9ade54b960a4882ba75f36b953e4a13f1dd685c3f11c7daa67b7e0278
Tl205_g0u1300,81,205,g0u1300,0.005,1300,1e-07,0,0,33.978,39688ac71beaee306b38ab34c364fad12a82f5bc8e0615ff9785df56f694e433
Tl205_g0u1400,81,205,g0u1400,0.005,1400,1e-07,0,0,32.936,fcdd1739faa8b1f119fc85f4b2179f4446fec0b88ac6da1888576cc45d4f9dda
Tl205_g0u1500,81,205,g0u1500,0.005,1500,1e-07,-6,0,49.719,c555dbbe4ca53c4719b9cf34b2ec58b684df0b0121825a2f9bb43b5f480f3ff9
Tl205_g0u1600,81,205,g0u1600,0.005,1600,1e-07,-6,704,55.336,74b747e1af2fdad3497f84ee1b6da0b301463f6a48f185daddd3e7767fc5228a
Tl205_g0u1700,81,205,g0u1700,0.005,1700,1e-07,-6,880,177.921,655f9314ad92f044d97e98f528721fc7e248ba643efdf009ff59d802ce3fdb0f
Tl205_g0u1800,81,205,g0u1800,0.005,1800,1e-07,-6,880,111.785,85c83e4250f584ff2fb3452fa7408fd1a7b7385b54e998983547d446268ae7af
Tl205_g0u1900,81,205,g0u1900,0.005,1900,1e-07,-6,880,192.900,5d3efb74173720b95a91a43ca5cac434541359277f8475d93dea32921b316e6f
Tl205_g0u2000,81,205,g0u2000,0.005,2000,1e-07,-6,880,126.862,7b36546881cc4d94a6f99ce5b98a192b858888971b6294ebeedf07d3eadc3bdd
Tl205_g0u2100,81,205,g0u2100,0.005,2100,1e-07,-6,704,150.321,1ac8b92b5d94d0a95739fe387fe52dd58b37459a856c70963ac2cf6f3ceae5d1
Tl205_g0u2200,81,205,g0u2200,0.005,2200,1e-07,0,704,218.283,3d5b7b2c5a227fd9f6bd52e049e07ba1e0175b92db189d6f0c65d41805da1e93
Tl205_g0u2300,81,205,g0u2300,0.005,2300,1e-07,-6,880,234.244,b6594c4f9b03da59b73bc55693ac3899836ddf2bb24b47596508b669b7fce37a
Tl205_g0u2400,81,205,g0u2400,0.005,2400,1e-07,-6,880,165.694,0029b7be1887d2017e1bc939e15ffabc6cc3995881e7365f640c42b72fa9690e
Tl205_g2u1000,81,205,g2u1000,0.00125,1000,1e-07,0,0,62.393,1eaa307c161c73c996ae0d4c1579acd48f93eeffc231ab06c41d93541dcce419
Pb208_g0u0050,82,208,g0u0050,0.005,50,1e-07,0,0,1.833,e05b31a5a6f8a6037fed2751188cfc4e044990e6976ec02eab8de7222a510f76
Pb208_g0u0100,82,208,g0u0100,0.005,100,1e-07,0,0,3.124,92c3b2e01b755d0be44e54855c1e7627074c5812e01e9bb1cf1e337137bf0935
Pb208_g0u0150,82,208,g0u0150,0.005,150,1e-07,0,0,4.579,140bbede11515f918ddbf2ff791698bb1337e05706f438dcf179ee5bcee9d03c
Pb208_g0u0200,82,208,g0u0200,0.005,200,1e-07,0,0,5.931,99050a76da89f6723906491e35b287ba2ef8967c045d4c1c3e2a2a6e5947a5a6
Pb208_g0u0250,82,208,g0u0250,0.005,250,1e-07,0,0,8.671,30a1c71c7cacc5ecfd2e39f2fd7bba2d027e3600efcf6bb3064898ffa829fce6
Pb208_g0u0300,82,208,g0u0300,0.005,300,1e-07,0,0,9.447,a2e1ab89936d18c37f13d8285a78e872b59961369d395f05d50f42e7e6d69ebe
Pb208_g0u0350,82,208,g0u0350,0.005,350,1e-07,0,0,11.253,65b5ab2767e52ea8587d66cc0e731e2bb51316e3c6cb15a9d85ffef7ad3a22d2
Pb208_g0u0400,82,208,g0u0400,0.005,400,1e-07,0,0,10.957,dfdbbc3dfe891f5da6b0ee546ab3e16074ee1f46b3c29207da6aff1ea03b9186
Pb208_g0u0450,82,208,g0u0450,0.005,450,1e-07,0,0,14.164,b65426d9e67ad8f41b996ac94048fb13f9a3287b386c01d4c48a0b57801b3d7a
Pb208_g0u0500,82,208,g0u0500,0.005,500,1e-07,0,0,14.859,ad2ac7dd1f94e1df4aba79e5f1bfa179d6ac51ecb1d286d0dc26fba7593564e9
Pb208_g0u0550,82,208,g0u0550,0.005,550,1e-07,0,0,17.974,76d1774be603d6f6d736a31fc88b4d5f64c197404793cb28a122c6a254ea68ef
Pb208_g0u0600,82,208,g0u0600,0.005,600,1e-07,0,0,18.925,1179859a7f3e2f34b3634c6ceb5b4817e5e5187579139236b27cc87372695ef6
Pb208_g0u0700,82,208,g0u0700,0.005,700,1e-07,0,0,22.895,c6f50182b3f203714955e5c3956730e1eb1a66a136f2074ccd582f51c64b9ceb
Pb208_g0u0800,82,208,g0u0800,0.005,800,1e-07,0,0,24.947,7d28e7179d8b56d2076ac2f8ed51e47ae228a9fea6ed8630024d3dcd812b082c
Pb208_g0u0900,82,208,g0u0900,0.005,900,1e-07,0,0,27.555,3e240645b0e4fa895803ea4ba05aeb5e2eb30a15309b3a35bc3372614b8858b8
Pb208_g0u1000,82,208,g0u1000,0.005,1000,1e-07,0,0,26.044,9a20d208cee3afc00e865388406738f0da232b9a18936b02a1f50f00c43412f0
Pb208_g0u1100,82,208,g0u1100,0.005,1100,1e-07,0,0,32.817,4879ca994cac1c631cfc85baceb9aac5365aac588034d816fe2c71c9c49ec23d
Pb208_g0u1200,82,208,g0u1200,0.005,1200,1e-07,0,0,30.526,44998b8287701053dd781e6efe10ff9c214195be10ccfc55f051bbbe1c538eb9
Pb208_g0u1300,82,208,g0u1300,0.005,1300,1e-07,0,0,37.188,41a2c4122bb531dfcf5944a6356a610509d56cbe0f74a3cd62ea3b0af830ef19
Pb208_g0u1400,82,208,g0u1400,0.005,1400,1e-07,0,0,35.343,d20611a2561cac700fe7ea56267602d6ff29f59ec963709dc001e7bad629ca3a
Pb208_g0u1500,82,208,g0u1500,0.005,1500,1e-07,-6,616,93.185,4a13bb1c35d0ca24a63edd8b689a48a729413535d471335ce33bbc4a3b85c5d8
Pb208_g0u1600,82,208,g0u1600,0.005,1600,1e-07,-6,792,86.202,0568846aa455ec496b039546048524c7f3b36bd7bc749d34da206dc40ced0c41
Pb208_g0u1700,82,208,g0u1700,0.005,1700,1e-07,-6,880,202.264,3cd8911b5cb4b54125693b07c4fb89e2a2d4f04f53afcd7c0e80d1ca033a74d9
Pb208_g0u1800,82,208,g0u1800,0.005,1800,1e-07,-6,880,145.974,3cd68675bc978a6282f78f1fd6c338a4ab87b4f070748e61a9abf440317fa7bf
Pb208_g0u1900,82,208,g0u1900,0.005,1900,1e-07,-6,880,221.571,8f4e01a4e7f6bfc16dd4533f74f51911ab1129cf4df52e3b1a58c905a9dc39bf
Pb208_g0u2000,82,208,g0u2000,0.005,2000,1e-07,-6,880,188.856,d0ee48118237cd6a2919ab768a441bf960e03476cbd19ddababf1920d709852b
Pb208_g0u2100,82,208,g0u2100,0.005,2100,1e-07,-6,704,240.704,06ba911dc2def80d4466884dbb872109b2059350254be346dba1ce1123c21ff3
Pb208_g0u2200,82,208,g0u2200,0.005,2200,1e-07,-6,880,299.772,42accd75451ff87ce3d3b3e1aba1423584914a0849859111a86be7fd836ddc27
Pb208_g0u2300,82,208,g0u2300,0.005,2300,1e-07,0,880,6.185,0f47ac94428abd1ab8506cc1e0d72e7cbc04c5b2f46b22fdd89f24f0717ef52a
Pb208_g0u2400,82,208,g0u2400,0.005,2400,1e-07,-6,968,3.876,2afc2e3e33b66025a5d8dab267f35523f37b081b053473026db65458284ce72e
Pb208_g2u1000,82,208,g2u1000,0.00125,1000,1e-07,0,0,78.379,b78c8421ce15cfb10b8d53c28450f85eea84501097660ca7c38142d17ad065be
