source,Z,A,transition,quantity,consumer_quantity,initial_n,final_n,measured_keV,unc_keV,tol_keV,solver_keV,consumer_keV,stock_keV,solver_residual_keV,consumer_residual_keV,stock_residual_keV,solver_within,consumer_within,stock_within,consumer_closer_than_stock,representation_error_keV,solver_numeric_target_keV,solver_numeric_shifts_keV,solver_numeric_qualification,consumer_numeric_target_keV,consumer_numeric_shifts_keV,consumer_numeric_qualification,locator,copy_read
Fricke1995,21,45,2p1/2-1s1/2,K1-L2,shell_difference,2,1,855.185,0.041,0.123,855.168632818,856.36579743733323,836.752091631,-0.016367182,1.18079743733323,-18.432908369,true,false,false,true,1.19716461933323,0.0041,0.012391395;0.003049436,NOT_QUALIFIED_THROUGH_LEVEL_2,0.00147919073299466657,0.01240165766666666666666666666666666666666666667;0.003052172,NOT_QUALIFIED_THROUGH_LEVEL_2,"Table IIIA, p. 207, row 45Sc","journal PDF page image, sha256 bc5867add237534426459190f7f03ab02e1a12f7f17ad46a8fe3bf962c10864f"
Fricke1995,21,45,2p3/2-1s1/2,K1-L3,shell_difference,2,1,857.005,0.041,0.123,856.964379747,856.36579743733323,836.752091631,-0.040620253,-0.63920256266677,-20.252908369,true,false,false,true,-0.59858230966677,0.0041,0.012406789;0.003053540,NOT_QUALIFIED_THROUGH_LEVEL_2,0.00147919073299466657,0.01240165766666666666666666666666666666666666667;0.003052172,NOT_QUALIFIED_THROUGH_LEVEL_2,"Table IIIA, p. 207, row 45Sc","journal PDF page image, sha256 bc5867add237534426459190f7f03ab02e1a12f7f17ad46a8fe3bf962c10864f"
Fricke1995,24,52,2p3/2-1s1/2,K1-L3,shell_difference,2,1,1092.286,0.021,0.063,1092.000364461,1090.98835829466675,1067.947580849,-0.285635539,-1.29764170533325,-24.338419151,false,false,false,true,-1.01200616633325,0.0021,0.018343376;0.004486394,NOT_QUALIFIED_THROUGH_LEVEL_2,0.00190575218622533345,0.0183327123333333333333333333333333333333333333;0.0044835966666666666666666666666666666666666667,NOT_QUALIFIED_THROUGH_LEVEL_2,"Table IIIA, p. 208, row 52Cr","journal PDF page image, sha256 bc5867add237534426459190f7f03ab02e1a12f7f17ad46a8fe3bf962c10864f"
Fricke1995,26,56,2p1/2-1s1/2,K1-L2,shell_difference,2,1,1252.919,0.058,0.174,1252.746243216,1255.51093770600011,1233.725771599,-0.172756784,2.59193770600011,-19.193228401,true,false,false,true,2.76469449000011,0.0058,0.022755342;0.005547933,NOT_QUALIFIED_THROUGH_LEVEL_2,0.00221266816376600009,0.0227883613333333333333333333333333333333333333;0.0055565330000000000000000000000000000000000000,NOT_QUALIFIED_THROUGH_LEVEL_2,"Table IIIA, p. 209, row 56Fe","journal PDF page image, sha256 bc5867add237534426459190f7f03ab02e1a12f7f17ad46a8fe3bf962c10864f"
Fricke1995,26,56,2p3/2-1s1/2,K1-L3,shell_difference,2,1,1257.047,0.044,0.132,1256.893284951,1255.51093770600011,1233.725771599,-0.153715049,-1.53606229399989,-23.321228401,false,false,false,true,-1.38234724499989,0.0044,0.022804871;0.005560833,NOT_QUALIFIED_THROUGH_LEVEL_2,0.00221266816376600009,0.0227883613333333333333333333333333333333333333;0.0055565330000000000000000000000000000000000000,NOT_QUALIFIED_THROUGH_LEVEL_2,"Table IIIA, p. 209, row 56Fe","journal PDF page image, sha256 bc5867add237534426459190f7f03ab02e1a12f7f17ad46a8fe3bf962c10864f"
Fricke1995,29,63,2p1/2-1s1/2,K1-L2,shell_difference,2,1,1508.052,0.060,0.180,1507.951824562,1512.16475170399985,1490.830780261,-0.100175438,4.11275170399985,-17.221219739,true,false,false,true,4.21292714199985,0.0060,0.030078930;0.007307103,RUN_FAILED,0.00270468390184999975,0.0301387313333333333333333333333333333333333333;0.0073225123333333333333333333333333333333333334,RUN_FAILED,"Table IIIA, p. 210, row 63Cu","journal PDF page image, sha256 bc5867add237534426459190f7f03ab02e1a12f7f17ad46a8fe3bf962c10864f"
Fricke1995,29,63,2p3/2-1s1/2,K1-L3,shell_difference,2,1,1514.452,0.047,0.141,1514.271215275,1512.16475170399985,1490.830780261,-0.180784725,-2.28724829600015,-23.621219739,false,false,false,true,-2.10646357100015,0.0047,0.030168632;0.007330217,RUN_FAILED,0.00270468390184999975,0.0301387313333333333333333333333333333333333333;0.0073225123333333333333333333333333333333333334,RUN_FAILED,"Table IIIA, p. 210, row 63Cu","journal PDF page image, sha256 bc5867add237534426459190f7f03ab02e1a12f7f17ad46a8fe3bf962c10864f"
Fricke1995,32,74,2p1/2-1s1/2,K1-L2,shell_difference,2,1,1765.729,0.026,0.078,1765.043144757,1771.15435235566645,1756.218717492,-0.685855243,5.42535235566645,-9.510282508,false,false,false,true,6.11120759866645,0.0026,0.037468874;0.009083546,NOT_QUALIFIED_THROUGH_LEVEL_2,0.00322520270401033315,0.0375699993333333333333333333333333333333333333;0.009109398,NOT_QUALIFIED_THROUGH_LEVEL_2,"Table IIIA, p. 211, row 74Ge","journal PDF page image, sha256 bc5867add237534426459190f7f03ab02e1a12f7f17ad46a8fe3bf962c10864f"
Fricke1995,32,74,2p3/2-1s1/2,K1-L3,shell_difference,2,1,1774.881,0.017,0.051,1774.209956155,1771.15435235566645,1756.218717492,-0.671043845,-3.72664764433355,-18.662282508,false,false,false,true,-3.05560379933355,0.0017,0.037620562;0.009122324,NOT_QUALIFIED_THROUGH_LEVEL_2,0.00322520270401033315,0.0375699993333333333333333333333333333333333333;0.009109398,NOT_QUALIFIED_THROUGH_LEVEL_2,"Table IIIA, p. 211, row 74Ge","journal PDF page image, sha256 bc5867add237534426459190f7f03ab02e1a12f7f17ad46a8fe3bf962c10864f"
Fricke1995,38,88,2p1/2-1s1/2,K1-L2,shell_difference,2,1,2324.673,0.010,0.030,2324.311814226,2335.9569163826668,2309.158914693,-0.361185774,11.2839163826668,-15.514085307,false,false,false,true,11.6451021566668,0.0010,0.056349427;0.013583264,NOT_QUALIFIED_THROUGH_LEVEL_2,0.0043915169892733334,0.0566025096666666666666666666666666666666666666;0.0136471146666666666666666666666666666666666667,NOT_QUALIFIED_THROUGH_LEVEL_2,"Table IIIA, p. 214, row 88Sr","journal PDF page image, sha256 bc5867add237534426459190f7f03ab02e1a12f7f17ad46a8fe3bf962c10864f"
Fricke1995,38,88,2p3/2-1s1/2,K1-L3,shell_difference,2,1,2342.192,0.008,0.024,2341.779467461,2335.9569163826668,2309.158914693,-0.412532539,-6.2350836173332,-33.033085307,false,false,false,true,-5.8225510783332,0.0008,0.056729051;0.013679040,NOT_QUALIFIED_THROUGH_LEVEL_2,0.0043915169892733334,0.0566025096666666666666666666666666666666666666;0.0136471146666666666666666666666666666666666667,NOT_QUALIFIED_THROUGH_LEVEL_2,"Table IIIA, p. 214, row 88Sr","journal PDF page image, sha256 bc5867add237534426459190f7f03ab02e1a12f7f17ad46a8fe3bf962c10864f"
Fricke1995,40,90,2p1/2-1s1/2,K1-L2,shell_difference,2,1,2515.368,0.011,0.033,2515.292409825,2529.3545897923334,2503.598187696,-0.075590175,13.9865897923334,-11.769812304,false,false,false,false,14.0621799673334,0.0011,0.063175924;0.015204690,NOT_QUALIFIED_THROUGH_LEVEL_2,0.0048085773167676668,0.0635069200000000000000000000000000000000000000;0.0152878813333333333333333333333333333333333334,NOT_QUALIFIED_THROUGH_LEVEL_2,"Table IIIA, p. 214, row 90Zr [He86] [Ma83]","journal PDF page image, sha256 bc5867add237534426459190f7f03ab02e1a12f7f17ad46a8fe3bf962c10864f"
Fricke1995,40,90,2p3/2-1s1/2,K1-L3,shell_difference,2,1,2536.500,0.010,0.030,2536.385679776,2529.3545897923334,2503.598187696,-0.114320224,-7.1454102076666,-32.901812304,false,false,false,true,-7.0310899836666,0.0010,0.063672418;0.015329477,NOT_QUALIFIED_THROUGH_LEVEL_2,0.0048085773167676668,0.0635069200000000000000000000000000000000000000;0.0152878813333333333333333333333333333333333334,NOT_QUALIFIED_THROUGH_LEVEL_2,"Table IIIA, p. 214, row 90Zr [He86] [Ma83]","journal PDF page image, sha256 bc5867add237534426459190f7f03ab02e1a12f7f17ad46a8fe3bf962c10864f"
Fricke1995,40,90,2p1/2-1s1/2,K1-L2,shell_difference,2,1,2515.122,0.023,0.069,2515.292409825,2529.3545897923334,2503.598187696,0.170409825,14.2325897923334,-11.523812304,false,false,false,false,14.0621799673334,0.0011,0.063175924;0.015204690,NOT_QUALIFIED_THROUGH_LEVEL_2,0.0048085773167676668,0.0635069200000000000000000000000000000000000000;0.0152878813333333333333333333333333333333333334,NOT_QUALIFIED_THROUGH_LEVEL_2,"Table IIIA, p. 214, row 90Zr (dagger) [Ph85]","journal PDF page image, sha256 bc5867add237534426459190f7f03ab02e1a12f7f17ad46a8fe3bf962c10864f"
Fricke1995,40,90,2p3/2-1s1/2,K1-L3,shell_difference,2,1,2536.237,0.022,0.066,2536.385679776,2529.3545897923334,2503.598187696,0.148679776,-6.8824102076666,-32.638812304,false,false,false,true,-7.0310899836666,0.0010,0.063672418;0.015329477,NOT_QUALIFIED_THROUGH_LEVEL_2,0.0048085773167676668,0.0635069200000000000000000000000000000000000000;0.0152878813333333333333333333333333333333333334,NOT_QUALIFIED_THROUGH_LEVEL_2,"Table IIIA, p. 214, row 90Zr (dagger) [Ph85]","journal PDF page image, sha256 bc5867add237534426459190f7f03ab02e1a12f7f17ad46a8fe3bf962c10864f"
Fricke1995,41,93,2p1/2-1s1/2,K1-L2,shell_difference,2,1,2603.418,0.020,0.060,2603.210000102,2618.5556947939999,2598.677904263,-0.207999898,15.1376947939999,-4.740095737,false,false,false,false,15.3456946919999,0.0020,0.065909902;0.015858405,NOT_QUALIFIED_THROUGH_LEVEL_2,0.0050138072870880001,0.0662841606666666666666666666666666666666666667;0.0159523216666666666666666666666666666666666666,NOT_QUALIFIED_THROUGH_LEVEL_2,"Table IIIA, p. 215, row 93Nb","journal PDF page image, sha256 bc5867add237534426459190f7f03ab02e1a12f7f17ad46a8fe3bf962c10864f"
Fricke1995,41,93,2p3/2-1s1/2,K1-L3,shell_difference,2,1,2626.680,0.016,0.048,2626.22854214,2618.5556947939999,2598.677904263,-0.45145786,-8.1243052060001,-28.002095737,false,false,false,true,-7.6728473460001,0.0016,0.06647129;0.01599928,NOT_QUALIFIED_THROUGH_LEVEL_2,0.0050138072870880001,0.0662841606666666666666666666666666666666666667;0.0159523216666666666666666666666666666666666666,NOT_QUALIFIED_THROUGH_LEVEL_2,"Table IIIA, p. 215, row 93Nb","journal PDF page image, sha256 bc5867add237534426459190f7f03ab02e1a12f7f17ad46a8fe3bf962c10864f"
Fricke1995,44,102,2p1/2-1s1/2,K1-L2,shell_difference,2,1,2864.404,0.035,0.105,2863.638237678,2883.2500990419999,2877.482024463,-0.765762322,18.8460990419999,13.078024463,false,false,false,false,19.6118613639999,0.0035,0.073939865;0.017777367,NOT_QUALIFIED_THROUGH_LEVEL_2,0.0056435159245299997,0.074467631;0.017909231,NOT_QUALIFIED_THROUGH_LEVEL_2,"Table IIIA, p. 216, row 102Ru","journal PDF page image, sha256 bc5867add237534426459190f7f03ab02e1a12f7f17ad46a8fe3bf962c10864f"
Fricke1995,44,102,2p3/2-1s1/2,K1-L3,shell_difference,2,1,2893.906,0.029,0.087,2893.056029724,2883.2500990419999,2877.482024463,-0.849970276,-10.6559009580001,-16.423975537,false,false,false,true,-9.8059306820001,0.0029,0.074731514;0.017975163,NOT_QUALIFIED_THROUGH_LEVEL_2,0.0056435159245299997,0.074467631;0.017909231,NOT_QUALIFIED_THROUGH_LEVEL_2,"Table IIIA, p. 216, row 102Ru","journal PDF page image, sha256 bc5867add237534426459190f7f03ab02e1a12f7f17ad46a8fe3bf962c10864f"
Fricke1995,47,107,2p1/2-1s1/2,K1-L2,shell_difference,2,1,3147.135,0.028,0.084,3145.884473083,3170.6037134463335,3151.412529299,-1.250526917,23.4687134463335,4.277529299,false,false,false,false,24.7192403633335,0.0028,0.084170842;0.020201114,NOT_QUALIFIED_THROUGH_LEVEL_2,0.0063220169050356667,0.0849023313333333333333333333333333333333333334;0.0203831086666666666666666666666666666666666666,NOT_QUALIFIED_THROUGH_LEVEL_2,"Table IIIA, p. 218, row 107Ag","journal PDF page image, sha256 bc5867add237534426459190f7f03ab02e1a12f7f17ad46a8fe3bf962c10864f"
Fricke1995,47,107,2p3/2-1s1/2,K1-L3,shell_difference,2,1,3184.302,0.021,0.063,3182.963333628,3170.6037134463335,3151.412529299,-1.338666372,-13.6982865536665,-32.889470701,false,false,false,true,-12.3596201816665,0.0021,0.085268076;0.020474106,NOT_QUALIFIED_THROUGH_LEVEL_2,0.0063220169050356667,0.0849023313333333333333333333333333333333333334;0.0203831086666666666666666666666666666666666666,NOT_QUALIFIED_THROUGH_LEVEL_2,"Table IIIA, p. 218, row 107Ag","journal PDF page image, sha256 bc5867add237534426459190f7f03ab02e1a12f7f17ad46a8fe3bf962c10864f"
Fricke1995,49,115,2p1/2-1s1/2,K1-L2,shell_difference,2,1,3322.991,0.032,0.096,3322.569897053,3351.0123792123330,3329.732739173,-0.421102947,28.0213792123330,6.741739173,false,false,false,false,28.4424821593330,0.0032,0.090054540;0.021598289,NOT_QUALIFIED_THROUGH_LEVEL_2,0.0067769354714316662,0.0909438006666666666666666666666666666666666667;0.021818991,NOT_QUALIFIED_THROUGH_LEVEL_2,"Table IIIA, p. 219, row 115In","journal PDF page image, sha256 bc5867add237534426459190f7f03ab02e1a12f7f17ad46a8fe3bf962c10864f"
Fricke1995,49,115,2p3/2-1s1/2,K1-L3,shell_difference,2,1,3366.759,0.021,0.063,3365.233620292,3351.0123792123330,3329.732739173,-1.525379708,-15.7466207876670,-37.026260827,false,false,false,true,-14.2212410796670,0.0021,0.091388431;0.021929342,NOT_QUALIFIED_THROUGH_LEVEL_2,0.0067769354714316662,0.0909438006666666666666666666666666666666666667;0.021818991,NOT_QUALIFIED_THROUGH_LEVEL_2,"Table IIIA, p. 219, row 115In","journal PDF page image, sha256 bc5867add237534426459190f7f03ab02e1a12f7f17ad46a8fe3bf962c10864f"
Fricke1995,53,127,2p1/2-1s1/2,K1-L2,shell_difference,2,1,3667.361,0.035,0.105,3667.632427035,3704.3960936943331,3674.002649588,0.271427035,37.0350936943331,6.641649588,false,false,false,false,36.7636666593331,0.0035,0.101359525;0.024281693,NOT_QUALIFIED_THROUGH_LEVEL_2,0.0077119035804196665,0.1026265536666666666666666666666666666666666667;0.024594737,NOT_QUALIFIED_THROUGH_LEVEL_2,"Table IIIA, p. 221, row 127J","journal PDF page image, sha256 bc5867add237534426459190f7f03ab02e1a12f7f17ad46a8fe3bf962c10864f"
Fricke1995,53,127,2p3/2-1s1/2,K1-L3,shell_difference,2,1,3723.742,0.033,0.099,3722.777927024,3704.3960936943331,3674.002649588,-0.964072976,-19.3459063056669,-49.739350412,false,false,false,true,-18.3818333296669,0.0033,0.103260068;0.024751259,NOT_QUALIFIED_THROUGH_LEVEL_2,0.0077119035804196665,0.1026265536666666666666666666666666666666666667;0.024594737,NOT_QUALIFIED_THROUGH_LEVEL_2,"Table IIIA, p. 221, row 127J","journal PDF page image, sha256 bc5867add237534426459190f7f03ab02e1a12f7f17ad46a8fe3bf962c10864f"
Fricke1995,55,133,2p1/2-1s1/2,K1-L2,shell_difference,2,1,3840.702,0.039,0.117,3840.331520121,3881.7361319603333,3841.201953431,-0.370479879,41.0341319603333,0.499953431,false,false,false,false,41.4046118393333,0.0039,0.107172214;0.025657311,NOT_QUALIFIED_THROUGH_LEVEL_2,0.0081963813854236669,0.1086635453333333333333333333333333333333333334;0.0260249936666666666666666666666666666666666666,NOT_QUALIFIED_THROUGH_LEVEL_2,"Table IIIA, p. 223, row 133Cs","journal PDF page image, sha256 bc5867add237534426459190f7f03ab02e1a12f7f17ad46a8fe3bf962c10864f"
Fricke1995,55,133,2p3/2-1s1/2,K1-L3,shell_difference,2,1,3902.636,0.031,0.093,3902.43843788,3881.7361319603333,3841.201953431,-0.19756212,-20.8998680396667,-61.434046569,false,false,false,true,-20.7023059196667,0.0031,0.109409211;0.026208835,NOT_QUALIFIED_THROUGH_LEVEL_2,0.0081963813854236669,0.1086635453333333333333333333333333333333333334;0.0260249936666666666666666666666666666666666666,NOT_QUALIFIED_THROUGH_LEVEL_2,"Table IIIA, p. 223, row 133Cs","journal PDF page image, sha256 bc5867add237534426459190f7f03ab02e1a12f7f17ad46a8fe3bf962c10864f"
Fricke1995,60,142,2p3/2-1s1/2,K1-L3,shell_difference,2,1,4352.354,0.051,0.153,4352.31846825,4325.1149315299999,4264.177903494,-0.03553175,-27.2390684700001,-88.176096506,true,false,false,true,-27.2035367200001,0.0051,0.125219712;0.029944979,NOT_QUALIFIED_THROUGH_LEVEL_2,0.0094542261366960001,0.1241385516666666666666666666666666666666666667;0.0296797006666666666666666666666666666666666666,NOT_QUALIFIED_THROUGH_LEVEL_2,"Table IIIA, p. 224, row 142Nd","journal PDF page image, sha256 bc5867add237534426459190f7f03ab02e1a12f7f17ad46a8fe3bf962c10864f"
Fricke1995,79,197,2p1/2-1s1/2,K1-L2,shell_difference,2,1,5591.710,0.146,0.438,5593.605121885,5706.5003602049996,5517.944006207,1.895121885,114.7903602049996,-73.765993793,false,false,false,false,112.8952383199996,0.0146,0.155176142;0.037010850,NOT_QUALIFIED_THROUGH_LEVEL_2,0.0144508060095590004,0.1605980246666666666666666666666666666666666667;0.0383250800000000000000000000000000000000000000,NOT_QUALIFIED_THROUGH_LEVEL_2,"Table IIIA, p. 225, row 197Au","journal PDF page image, sha256 bc5867add237534426459190f7f03ab02e1a12f7f17ad46a8fe3bf962c10864f"
Fricke1995,79,197,2p3/2-1s1/2,K1-L3,shell_difference,2,1,5760.792,0.153,0.459,5762.947979365,5706.5003602049996,5517.944006207,2.155979365,-54.2916397950004,-242.847993793,false,false,false,true,-56.4476191600004,0.0153,0.163308966;0.038982195,NOT_QUALIFIED_THROUGH_LEVEL_2,0.0144508060095590004,0.1605980246666666666666666666666666666666666667;0.0383250800000000000000000000000000000000000000,NOT_QUALIFIED_THROUGH_LEVEL_2,"Table IIIA, p. 225, row 197Au","journal PDF page image, sha256 bc5867add237534426459190f7f03ab02e1a12f7f17ad46a8fe3bf962c10864f"
Fricke1995,81,205,2p1/2-1s1/2,K1-L2,shell_difference,2,1,5717.210,0.650,1.950,5721.677852281,5841.5243767943325,5612.088600279,4.467852281,124.3143767943325,-105.121399721,false,false,false,false,119.8465245133325,0.0650,0.158058878;0.037690115,NOT_QUALIFIED_THROUGH_LEVEL_2,0.0150108192663256655,0.1638783046666666666666666666666666666666666667;0.039099285,NOT_QUALIFIED_THROUGH_LEVEL_2,"Table IIIA, p. 226, row 205Tl","journal PDF page image, sha256 bc5867add237534426459190f7f03ab02e1a12f7f17ad46a8fe3bf962c10864f"
Fricke1995,81,205,2p3/2-1s1/2,K1-L3,shell_difference,2,1,5897.290,0.670,2.010,5901.447639051,5841.5243767943325,5612.088600279,4.157639051,-55.7656232056675,-285.201399721,false,false,false,true,-59.9232622566675,0.0670,0.166788018;0.039803870,NOT_QUALIFIED_THROUGH_LEVEL_2,0.0150108192663256655,0.1638783046666666666666666666666666666666666667;0.039099285,NOT_QUALIFIED_THROUGH_LEVEL_2,"Table IIIA, p. 226, row 205Tl","journal PDF page image, sha256 bc5867add237534426459190f7f03ab02e1a12f7f17ad46a8fe3bf962c10864f"
Fricke1995,82,208,2p1/2-1s1/2,K1-L2,shell_difference,2,1,5778.058,0.100,0.300,5779.069723885,5902.2362470529999,5673.880869898,1.011723885,124.1782470529999,-104.177130102,false,false,false,false,123.1665231679999,0.0100,0.158977930;0.037909414,RUN_FAILED,0.0152853766952250001,0.1649798173333333333333333333333333333333333333;0.0393621766666666666666666666666666666666666667,RUN_FAILED,"Table IIIA, p. 226, row 208Pb","journal PDF page image, sha256 bc5867add237534426459190f7f03ab02e1a12f7f17ad46a8fe3bf962c10864f"
Fricke1995,82,208,2p3/2-1s1/2,K1-L3,shell_difference,2,1,5962.854,0.090,0.270,5963.819508637,5902.2362470529999,5673.880869898,0.965508637,-60.6177529470001,-288.973130102,false,false,false,true,-61.5832615840001,0.0090,0.167980761;0.040088558,RUN_FAILED,0.0152853766952250001,0.1649798173333333333333333333333333333333333333;0.0393621766666666666666666666666666666666666667,RUN_FAILED,"Table IIIA, p. 226, row 208Pb","journal PDF page image, sha256 bc5867add237534426459190f7f03ab02e1a12f7f17ad46a8fe3bf962c10864f"
Saito2025,46,104,2p1/2-1s1/2,K1-L2,shell_difference,2,1,3057.8,0.3,0.9,3057.219525585,3080.1933086956669,3060.849569046,-0.580474415,22.3933086956669,3.049569046,true,false,false,false,22.9737831106669,0.03,0.081235584;0.019503576,RUN_FAILED,0.0060985557865163337,0.0818959693333333333333333333333333333333333333;0.019668096,RUN_FAILED,"Table III, p. 5, row 104Pd","arXiv:2204.03233v2 text layer, checked on its page image"
Saito2025,46,104,2p3/2-1s1/2,K1-L3,shell_difference,2,1,3091.7,0.2,0.6,3091.680200251,3080.1933086956669,3060.849569046,-0.019799749,-11.5066913043331,-30.850430954,true,false,false,true,-11.4868915553331,0.02,0.082226162;0.019750356,RUN_FAILED,0.0060985557865163337,0.0818959693333333333333333333333333333333333333;0.019668096,RUN_FAILED,"Table III, p. 5, row 104Pd","arXiv:2204.03233v2 text layer, checked on its page image"
Saito2025,46,104,3d5/2-2p3/2,L3-M5,shell_difference,3,2,833.4,0.1,0.3,832.852073144,842.63701143813344,825.528463808,-0.547926856,9.23701143813344,-7.871536192,false,false,false,false,9.78493829413344,0.01,0.002354505;0.000685681,RUN_FAILED,0.00217572546638253336,0.0026802468666666666666666666666666666666666667;0.000766505,RUN_FAILED,"Table III, p. 5, row 104Pd","arXiv:2204.03233v2 text layer, checked on its page image"
Saito2025,46,104,3d3/2-2p1/2,L2-M4,shell_difference,3,2,863.6,0.3,0.9,863.057864657,842.63701143813344,825.528463808,-0.542135343,-20.96298856186656,-38.071536192,true,false,false,true,-20.42085321886656,0.03,0.003333956;0.000928871,RUN_FAILED,0.00217572546638253336,0.0026802468666666666666666666666666666666666667;0.000766505,RUN_FAILED,"Table III, p. 5, row 104Pd","arXiv:2204.03233v2 text layer, checked on its page image"
Saito2025,46,104,4d5/2-2p3/2,L3-N5,shell_difference,4,2,1122.5,0.6,1.8,1123.67359222,1135.82005536447624,1114.463426141,1.17359222,13.32005536447624,-8.036573859,true,false,false,false,12.14646314447624,0.06,0.002599596;0.000771616,RUN_FAILED,0.00188254242245619056,0.0029369200952380952380952380952380952380952382;0.0008562380000000000000000000000000000000000000,RUN_FAILED,"Table III, p. 5, row 104Pd","arXiv:2204.03233v2 text layer, checked on its page image"
Saito2025,46,104,4f7/2-3d5/2,M5-N7,shell_difference,4,3,291.6,0.1,0.3,291.86147437,293.18304392634280,288.934962333,0.26147437,1.58304392634280,-2.665037667,true,false,false,true,1.32156955634280,0.01,0.000252879;0.000088522,RUN_FAILED,0.00103990541101805712,0.00025667322857142857142857142857142857142857143;0.00008973300000000000000000000000000000000000000,RUN_FAILED,"Table III, p. 5, row 104Pd","arXiv:2204.03233v2 text layer, checked on its page image"
Saito2025,46,104,4f5/2-3d3/2,M4-N6,shell_difference,4,3,294.9,0.2,0.6,295.228795545,293.18304392634280,288.934962333,0.328795545,-1.71695607365720,-5.965037667,true,false,false,true,-2.04575161865720,0.02,0.000262474;0.000091587,RUN_FAILED,0.00103990541101805712,0.00025667322857142857142857142857142857142857143;0.00008973300000000000000000000000000000000000000,RUN_FAILED,"Table III, p. 5, row 104Pd","arXiv:2204.03233v2 text layer, checked on its page image"
Saito2025,46,105,2p1/2-1s1/2,K1-L2,shell_difference,2,1,3054.9,0.5,1.5,3054.902109983,3077.8587771783332,3060.834098909,0.002109983,22.9587771783332,5.934098909,true,false,false,false,22.9566671953332,0.05,0.081021324;0.019453872,NOT_QUALIFIED_THROUGH_LEVEL_2,0.0060961606932936666,0.0816807700000000000000000000000000000000000000;0.0196181473333333333333333333333333333333333334,NOT_QUALIFIED_THROUGH_LEVEL_2,"Table IV, p. 5, row 105Pd","arXiv:2204.03233v2 text layer, checked on its page image"
Saito2025,46,105,3d5/2-2p3/2,L3-M5,shell_difference,3,2,832.3,0.3,0.9,832.823524283,842.59991993106668,825.537058329,0.523524283,10.29991993106668,-6.762941671,true,false,false,false,9.77639564806668,0.03,0.002357921;0.000686439,QUALIFIED_AT_LEVEL_2,0.00217570199618426672,0.0026831760000000000000000000000000000000000000;0.0007671394666666666666666666666666666666666666,NOT_QUALIFIED_THROUGH_LEVEL_2,"Table IV, p. 5, row 105Pd","arXiv:2204.03233v2 text layer, checked on its page image"
Saito2025,46,105,3d3/2-2p1/2,L2-M4,shell_difference,3,2,864.5,0.3,0.9,863.003680202,842.59991993106668,825.537058329,-1.496319798,-21.90008006893332,-38.962941671,false,false,false,true,-20.40376027093332,0.03,0.003335920;0.000929259,QUALIFIED_AT_LEVEL_2,0.00217570199618426672,0.0026831760000000000000000000000000000000000000;0.0007671394666666666666666666666666666666666666,NOT_QUALIFIED_THROUGH_LEVEL_2,"Table IV, p. 5, row 105Pd","arXiv:2204.03233v2 text layer, checked on its page image"
Saito2025,46,105,4f7/2-3d5/2,M5-N7,shell_difference,4,3,291.4,0.2,0.6,291.864470739,293.18602098774289,288.937970415,0.464470739,1.78602098774289,-2.462029585,true,false,false,true,1.32155024874289,0.02,0.000252913;0.000088521,QUALIFIED_AT_LEVEL_2,0.00103991605526545715,0.00025672485714285714285714285714285714285714286;0.00008973791428571428571428571428571428571428571,QUALIFIED_AT_LEVEL_2,"Table IV, p. 5, row 105Pd","arXiv:2204.03233v2 text layer, checked on its page image"
Saito2025,46,105,4f5/2-3d3/2,M4-N6,shell_difference,4,3,294.9,0.6,1.8,295.231744311,293.18602098774289,288.937970415,0.331744311,-1.71397901225711,-5.962029585,true,true,false,true,-2.04572332325711,0.06,0.000262552;0.000091600,QUALIFIED_AT_LEVEL_2,0.00103991605526545715,0.00025672485714285714285714285714285714285714286;0.00008973791428571428571428571428571428571428571,QUALIFIED_AT_LEVEL_2,"Table IV, p. 5, row 105Pd","arXiv:2204.03233v2 text layer, checked on its page image"
Saito2025,46,106,2p1/2-1s1/2,K1-L2,shell_difference,2,1,3050.3,0.5,1.5,3049.480915874,3072.3974684913331,3060.818960758,-0.819084126,22.0974684913331,10.518960758,true,false,false,false,22.9165526173331,0.05,0.080523407;0.019338541,NOT_QUALIFIED_THROUGH_LEVEL_2,0.0060905157519326665,0.0811806570000000000000000000000000000000000000;0.0195022896666666666666666666666666666666666667,NOT_QUALIFIED_THROUGH_LEVEL_2,"Table III, p. 5, row 106Pd","arXiv:2204.03233v2 text layer, checked on its page image"
Saito2025,46,106,2p3/2-1s1/2,K1-L3,shell_difference,2,1,3084.0,0.3,0.9,3083.8557448,3072.3974684913331,3060.818960758,-0.1442552,-11.6025315086669,-23.181039242,true,false,false,true,-11.4582763086669,0.03,0.081509282;0.019584164,NOT_QUALIFIED_THROUGH_LEVEL_2,0.0060905157519326665,0.0811806570000000000000000000000000000000000000;0.0195022896666666666666666666666666666666666667,NOT_QUALIFIED_THROUGH_LEVEL_2,"Table III, p. 5, row 106Pd","arXiv:2204.03233v2 text layer, checked on its page image"
Saito2025,46,106,3d5/2-2p3/2,L3-M5,shell_difference,3,2,833.4,0.3,0.9,832.745022949,842.5014213344667,825.545468413,-0.654977051,9.1014213344667,-7.854531587,true,false,false,false,9.7563983854667,0.03,0.002365858;0.000688162,QUALIFIED_AT_LEVEL_2,0.0021756168621068667,0.0026900050000000000000000000000000000000000000;0.0007685895333333333333333333333333333333333333,NOT_QUALIFIED_THROUGH_LEVEL_2,"Table III, p. 5, row 106Pd","arXiv:2204.03233v2 text layer, checked on its page image"
Saito2025,46,106,3d3/2-2p1/2,L2-M4,shell_difference,3,2,863.8,0.3,0.9,862.865157067,842.5014213344667,825.545468413,-0.934842933,-21.2985786655333,-38.254531587,false,false,false,true,-20.3637357325333,0.03,0.003340538;0.000930168,QUALIFIED_AT_LEVEL_2,0.0021756168621068667,0.0026900050000000000000000000000000000000000000;0.0007685895333333333333333333333333333333333333,NOT_QUALIFIED_THROUGH_LEVEL_2,"Table III, p. 5, row 106Pd","arXiv:2204.03233v2 text layer, checked on its page image"
Saito2025,46,106,4d5/2-2p3/2,L3-N5,shell_difference,4,2,1124.8,0.4,1.2,1123.57250738,1135.69024214180953,1114.486382357,-1.22749262,10.89024214180953,-10.313617643,false,false,false,false,12.11773476180953,0.04,0.002610977;0.000774085,QUALIFIED_AT_LEVEL_2,0.00188242804129952387,0.0029467732857142857142857142857142857142857143;0.0008583289047619047619047619047619047619047619,NOT_QUALIFIED_THROUGH_LEVEL_2,"Table III, p. 5, row 106Pd","arXiv:2204.03233v2 text layer, checked on its page image"
Saito2025,46,106,4f7/2-3d5/2,M5-N7,shell_difference,4,3,291.7,0.2,0.6,291.867334494,293.18882080734283,288.940913944,0.167334494,1.48882080734283,-2.759086056,true,false,false,true,1.32148631334283,0.02,0.000252946;0.000088518,QUALIFIED_AT_LEVEL_2,0.00103992661996505717,0.00025676828571428571428571428571428571428571429;0.00008973937142857142857142857142857142857142857,QUALIFIED_AT_LEVEL_2,"Table III, p. 5, row 106Pd","arXiv:2204.03233v2 text layer, checked on its page image"
Saito2025,46,106,4f5/2-3d3/2,M4-N6,shell_difference,4,3,295.1,0.3,0.9,295.234448879,293.18882080734283,288.940913944,0.134448879,-1.91117919265717,-6.159086056,true,false,false,true,-2.04562807165717,0.03,0.000262611;0.000091609,QUALIFIED_AT_LEVEL_2,0.00103992661996505717,0.00025676828571428571428571428571428571428571429;0.00008973937142857142857142857142857142857142857,QUALIFIED_AT_LEVEL_2,"Table III, p. 5, row 106Pd","arXiv:2204.03233v2 text layer, checked on its page image"
Saito2025,46,108,2p1/2-1s1/2,K1-L2,shell_difference,2,1,3042.9,0.2,0.6,3041.605739465,3064.4638459329997,3060.789471981,-1.294260535,21.5638459329997,17.889471981,false,false,false,false,22.8581064679997,0.02,0.079805152;0.019173090,NOT_QUALIFIED_THROUGH_LEVEL_2,0.0060823265979049995,0.080459212;0.0193360633333333333333333333333333333333333333,NOT_QUALIFIED_THROUGH_LEVEL_2,"Table III, p. 5, row 108Pd","arXiv:2204.03233v2 text layer, checked on its page image"
Saito2025,46,108,2p3/2-1s1/2,K1-L3,shell_difference,2,1,3076.6,0.2,0.6,3075.892899167,3064.4638459329997,3060.789471981,-0.707100833,-12.1361540670003,-15.810528019,false,false,false,true,-11.4290532340003,0.02,0.080786242;0.019417550,NOT_QUALIFIED_THROUGH_LEVEL_2,0.0060823265979049995,0.080459212;0.0193360633333333333333333333333333333333333333,NOT_QUALIFIED_THROUGH_LEVEL_2,"Table III, p. 5, row 108Pd","arXiv:2204.03233v2 text layer, checked on its page image"
Saito2025,46,108,3d5/2-2p3/2,L3-M5,shell_difference,3,2,833.3,0.1,0.3,832.633451977,842.36070765019995,825.561851066,-0.666548023,9.06070765019995,-7.738148934,false,false,false,false,9.72725567319995,0.01,0.002377368;0.000690723,QUALIFIED_AT_LEVEL_2,0.00217550204432179985,0.0026999044;0.0007707596666666666666666666666666666666666667,NOT_QUALIFIED_THROUGH_LEVEL_2,"Table III, p. 5, row 108Pd","arXiv:2204.03233v2 text layer, checked on its page image"
Saito2025,46,108,3d3/2-2p1/2,L2-M4,shell_difference,3,2,863.5,0.1,0.3,862.666117777,842.36070765019995,825.561851066,-0.833882223,-21.13929234980005,-37.938148934,false,false,false,true,-20.30541012680005,0.01,0.003347224;0.000931558,QUALIFIED_AT_LEVEL_2,0.00217550204432179985,0.0026999044;0.0007707596666666666666666666666666666666666667,NOT_QUALIFIED_THROUGH_LEVEL_2,"Table III, p. 5, row 108Pd","arXiv:2204.03233v2 text layer, checked on its page image"
Saito2025,46,108,4d5/2-2p3/2,L3-N5,shell_difference,4,2,1124.4,0.3,0.9,1123.466679219,1135.55507152614278,1114.508498940,-0.933320781,11.15507152614278,-9.891501060,false,false,false,false,12.08839230714278,0.03,0.002622541;0.000776663,QUALIFIED_AT_LEVEL_2,0.00188230768044585702,0.0029567920000000000000000000000000000000000000;0.0008605256666666666666666666666666666666666667,NOT_QUALIFIED_THROUGH_LEVEL_2,"Table III, p. 5, row 108Pd","arXiv:2204.03233v2 text layer, checked on its page image"
Saito2025,46,108,4f7/2-3d5/2,M5-N7,shell_difference,4,3,291.6,0.1,0.3,291.872965539,293.19436387594283,288.946647873,0.272965539,1.59436387594283,-2.653352127,true,false,false,true,1.32139833694283,0.01,0.000253051;0.000088541,QUALIFIED_AT_LEVEL_2,0.00103994697279565707,0.00025688760000000000000000000000000000000000000;0.00008976600000000000000000000000000000000000000,QUALIFIED_AT_LEVEL_2,"Table III, p. 5, row 108Pd","arXiv:2204.03233v2 text layer, checked on its page image"
Saito2025,46,108,4f5/2-3d3/2,M4-N6,shell_difference,4,3,294.9,0.1,0.3,295.239861252,293.19436387594283,288.946647873,0.339861252,-1.70563612405717,-5.953352127,false,false,false,true,-2.04549737605717,0.01,0.000262752;0.000091641,QUALIFIED_AT_LEVEL_2,0.00103994697279565707,0.00025688760000000000000000000000000000000000000;0.00008976600000000000000000000000000000000000000,QUALIFIED_AT_LEVEL_2,"Table III, p. 5, row 108Pd","arXiv:2204.03233v2 text layer, checked on its page image"
Saito2025,46,110,2p1/2-1s1/2,K1-L2,shell_difference,2,1,3036.2,0.7,2.1,3034.591198567,3057.3970722010001,3060.761043691,-1.608801433,21.1970722010001,24.561043691,true,false,false,true,22.8058736340001,0.07,0.079171004;0.019027773,NOT_QUALIFIED_THROUGH_LEVEL_2,0.0060750333616109999,0.0798222313333333333333333333333333333333333333;0.0191900623333333333333333333333333333333333334,NOT_QUALIFIED_THROUGH_LEVEL_2,"Table III, p. 5, row 110Pd","arXiv:2204.03233v2 text layer, checked on its page image"
Saito2025,46,110,2p3/2-1s1/2,K1-L3,shell_difference,2,1,3068.8,0.4,1.2,3068.800009018,3057.3970722010001,3060.761043691,0.000009018,-11.4029277989999,-8.038956309,true,false,false,false,-11.4029368169999,0.04,0.080147845;0.019271207,NOT_QUALIFIED_THROUGH_LEVEL_2,0.0060750333616109999,0.0798222313333333333333333333333333333333333333;0.0191900623333333333333333333333333333333333334,NOT_QUALIFIED_THROUGH_LEVEL_2,"Table III, p. 5, row 110Pd","arXiv:2204.03233v2 text layer, checked on its page image"
Saito2025,46,110,3d5/2-2p3/2,L3-M5,shell_difference,3,2,833.4,0.2,0.6,832.533706777,842.23491679559993,825.577644561,-0.866293223,8.83491679559993,-7.822355439,false,false,false,false,9.70121001859993,0.02,0.002387680;0.000693004,QUALIFIED_AT_LEVEL_2,0.00217540137261439987,0.0027087872666666666666666666666666666666666667;0.0007726958666666666666666666666666666666666666,NOT_QUALIFIED_THROUGH_LEVEL_2,"Table III, p. 5, row 110Pd","arXiv:2204.03233v2 text layer, checked on its page image"
Saito2025,46,110,3d3/2-2p1/2,L2-M4,shell_difference,3,2,863.4,0.3,0.9,862.488200232,842.23491679559993,825.577644561,-0.911799768,-21.16508320440007,-37.822355439,false,false,false,true,-20.25328343640007,0.03,0.003353255;0.000932806,QUALIFIED_AT_LEVEL_2,0.00217540137261439987,0.0027087872666666666666666666666666666666666667;0.0007726958666666666666666666666666666666666666,NOT_QUALIFIED_THROUGH_LEVEL_2,"Table III, p. 5, row 110Pd","arXiv:2204.03233v2 text layer, checked on its page image"
Saito2025,46,110,4d5/2-2p3/2,L3-N5,shell_difference,4,2,1124.2,0.5,1.5,1123.372471649,1135.43463896571416,1114.529820157,-0.827528351,11.23463896571416,-9.670179843,true,false,false,false,12.06216731671416,0.05,0.002632861;0.000778922,QUALIFIED_AT_LEVEL_2,0.00188220165044428564,0.0029657350952380952380952380952380952380952381;0.0008625045238095238095238095238095238095238095,NOT_QUALIFIED_THROUGH_LEVEL_2,"Table III, p. 5, row 110Pd","arXiv:2204.03233v2 text layer, checked on its page image"
Saito2025,46,110,4f7/2-3d5/2,M5-N7,shell_difference,4,3,291.6,0.1,0.3,291.878401931,293.19972217011423,288.952175596,0.278401931,1.59972217011423,-2.647824404,true,false,false,true,1.32132023911423,0.01,0.000253098;0.000088580,QUALIFIED_AT_LEVEL_2,0.00103996673364868571,0.00025694782857142857142857142857142857142857143;0.00008980865714285714285714285714285714285714286,QUALIFIED_AT_LEVEL_2,"Table III, p. 5, row 110Pd","arXiv:2204.03233v2 text layer, checked on its page image"
Saito2025,46,110,4f5/2-3d3/2,M4-N6,shell_difference,4,3,294.9,0.2,0.6,295.245103622,293.19972217011423,288.952175596,0.345103622,-1.70027782988577,-5.947824404,true,false,false,true,-2.04538145188577,0.02,0.000262832;0.000091689,QUALIFIED_AT_LEVEL_2,0.00103996673364868571,0.00025694782857142857142857142857142857142857143;0.00008980865714285714285714285714285714285714286,QUALIFIED_AT_LEVEL_2,"Table III, p. 5, row 110Pd","arXiv:2204.03233v2 text layer, checked on its page image"
