edge_id,from_stage,from_numeraire,to_stage,to_numeraire,factor,factor_lo,factor_hi,bias_direction,charge_basis,conditions,evidence_status,source_bibkey,source_locator,derivation,notes
eta_acc_kelly_psi_minimal,*,beam_kinetic,*,electrical_minimal,0.18,,,none,*,PSI HIPA 590 MeV high-intensity proton accelerator; the minimally-required-subsystem denominator its cited primary defines,primary_cited,KellyHartRose2021,"Sec.6, the paragraph beginning 'We use a reasonable current estimate': the efficiency of the 590 MeV high intensity proton accelerator at the Paul Scherrer Institute is 18% [14], which the authors take for eta_acc; their ref.[14] is Kovach2017","as stated; no normalization. Kelly, Hart and Rose adopt their cited primary's grid-to-beam figure rounded down from 18.3% to 18%.","Competing value for the SAME edge: eta_acc_kovach_minimal, the 18.3% the cited primary itself states. Both are kept and neither is preferred. This edge is charge-agnostic -- an accelerator's grid-to-beam efficiency counts no muons -- which is why charge_basis is '*'."
eta_acc_kovach_minimal,*,beam_kinetic,*,electrical_minimal,0.183,,,none,*,"PSI HIPA at 2.2 mA / 1.3 MW full beam; denominator 7.12 MW, being only those parts of the RF, magnet, cooling and auxiliary subsystems minimally required to produce a full beam",primary,Kovach2017,Abstract (HIPA's grid to beam efficiency is 18.3% when considering only those parts of any subsystems which are minimally required to produce a full 1.3 MW beam) and Sec.4 (the minimum power consumption for a full beam is 7.12 MW; the 7.12 MW requirements and the 18.3% efficiency),as published; no normalization.,"Competing value for the SAME edge: eta_acc_kelly_psi_minimal (0.18), which rounds this figure down. The same primary states a second, lower efficiency on the facility's total draw, but that is a DIFFERENT numeraire (edge eta_acc_kovach_site) and not a competing value for this one."
eta_acc_kovach_site,*,beam_kinetic,*,electrical_site,0.104,,,none,*,"PSI HIPA under full-load conditions; denominator 12.5 MW, the entire facility's consumption at 2.2 mA (1.3 MW beam)",primary,Kovach2017,"Sec.4, the paragraph after eq.(1): under full-load conditions the grid to beam efficiency of the entire facility is 1.3/12.5*100 = 10.4%",as published; no normalization. The quotient is printed in the source rather than formed here.,"The two Kovach2017 edges are not alternatives to be averaged: they sit on different numeraires, which the ledger carries per row for exactly this reason. No source read here states a grid-to-beam efficiency for a purpose-built muon facility, so applying a PSI figure to another machine would be an assumption this table does not make."
delivery_kelly_eta_mu,produced,*,transported,*,0.50,,,unknown,mu_minus,"Kelly, Hart and Rose phase-one optimization; deuteron or triton beam on the optimized production target, with muons delivered to separate d-t vessels",author_declared_arbitrary,KellyHartRose2021,"Sec.6: efficiency factor (c), failure to deliver negative muons to dt vessels (eta_mu); and, in the same section, we do not know eta_mu and finding it will be the focus of phase three of our research -- for the current phase we will use the arbitrary but reasonable assumption of eta_mu = 50%","as stated; no normalization. Mapping the source's phrase onto a chain node is OURS: the source names no node, and a muon delivered to a d-t vessel has been captured and transported but not yet moderated or stopped in the fuel, so this edge ends at 'transported'. Ending it there rather than later leaves more of the chain unreached, never less.","bias_direction is 'unknown', not 'lower': the authors state they do not know the value and give no direction, so composing it can understate OR overstate the cost. That is strictly weaker than an OMITTED factor, which is bounded above by 1 and can only understate, and it is why the direction is carried per edge rather than assumed for the whole table."
utilization_kelly_phase_one,transported,*,stopped_useful_in_dt,*,1.0,,,lower,mu_minus,"Kelly, Hart and Rose phase-one optimization, stated in order to rank target configurations rather than as a physical result",author_declared_arbitrary,KellyHartRose2021,"Sec.4, final paragraph: for the purposes of the phase one optimization, we assume that 100% of the 'required' particles are utilized for fusion catalysis ... We expect the actual utilization of the required particles to be well below 100%","as stated; no normalization. 'Required' is the source's own Sec.4 category (a), the negative pions and muons needed to catalyse fusion, and utilization for fusion catalysis is what the terminal stage's 'useful' qualifier asks for.","The source states this factor at its ceiling and says in the same sentence that the truth lies below it, so using the row as written can only understate the cost: bias_direction 'lower'. It is author_declared_arbitrary all the same, so any path through it is a bound. It is the only edge read here that reaches the terminal stage."
produced_to_captured_absent,produced,*,captured,*,,,,lower,mu_minus,,absent,Jones1987Erice;KellyHartRose2021,"Read and found silent: Jones1987Erice p.14, the sentence introducing 5000 MeV per muon and eq.(11) built on it, which state no capture factor; KellyHartRose2021 Sec.6, which collapses capture, transport and delivery into the single eta_mu and states that value is unknown","no factor: neither source read here states this conversion, so no number is entered.","What would source it: a muon-source design or facility paper reporting the fraction of produced mu- that are captured, on a stated definition of capture. Edge delivery_kelly_eta_mu spans this link inside a collapsed, author-declared-arbitrary factor, which is not a source for it."
captured_to_transported_absent,captured,*,transported,*,,,,lower,mu_minus,,absent,Jones1987Erice;KellyHartRose2021,"Read and found silent: Jones1987Erice p.14, the 5000 MeV derivation, which applies no transport factor; KellyHartRose2021 Sec.6, whose eta_mu is the collapsed capture-to-delivery factor the authors say they do not know","no factor: neither source read here states this conversion, so no number is entered.","What would source it: a beamline design reporting the transported fraction of captured mu- over a stated distance and acceptance. The muon-collider front-end row of muon_cost.csv is a cost at the transported stage, not a transport EFFICIENCY, and cannot supply this edge."
transported_to_moderated_absent,transported,*,moderated,*,,,,lower,mu_minus,,absent,Jones1987Erice;KellyHartRose2021,"Read and found silent: Jones1987Erice p.14, whose derivation names no moderation step; KellyHartRose2021 Sec.4, which assumes 100% utilization of the required particles rather than measuring a moderation fraction","no factor: neither source read here states this conversion, so no number is entered.","Moderation is the stage the cycle-closure definition names between transport and stopping, and no source read here separates it out. Edge utilization_kelly_phase_one spans this link inside a factor its own authors call arbitrary."
moderated_to_stopped_useful_absent,moderated,*,stopped_useful_in_dt,*,,,,lower,mu_minus,,absent,Jones1987Erice;KellyHartRose2021,"Read and found silent: Jones1987Erice p.14, whose 5000 MeV is per muon produced and carries no stopping term and no 'useful' qualifier; KellyHartRose2021 Sec.4, which assumes the fraction is 1 and expects the true value to be well below it","no factor: neither source read here states this conversion, so no number is entered.","This factor is deliberately NOT simulated. A stopping fraction for mu- in a d-t target is a particle-transport result, and producing one here would turn a compilation of published numbers into a model of our own; it is recorded as a future convergence point with simulation work and left absent."
