symbol,description,value,unit,unc,unc_type,conditions,source_bibkey,source_locator,status,validity_range,single_source,needs_verification,notes,distribution,dist_lo,dist_hi,recommendation,phase,target_molecule
lambda_mu_decay,Muon decay rate 1/tau_mu,4.552e5,s^-1,1e2,stat,vacuum; tau_mu=2.1969811 us,PDG2024,tau_mu,established,all conditions,false,false,Settled = 1/2.197 us; the decay clock the cycle races,,,,,any,n/a
E_fusion,d+t fusion energy release,17.6,MeV,0.0,exact,d+t -> alpha(3.5 MeV)+n(14.1 MeV),Standard,-,established,all conditions,false,false,"Per fusion; alpha kinetic 3.5, neutron 14.1",,,,,any,DT
lambda_f_dtmu,Intramolecular fusion rate in dtmu,1.1e12,s^-1,2e11,theory,dtmu J=v=0 ground state,Bogdanova1982,-,established,all conditions,false,true,Fusion >> formation; cycle is formation/sticking-limited,,,,,any,DT
omega_s0,Initial alpha-mu sticking probability,0.857,percent,0.02,theory-spread,dtmu J=v=0; four-body D-wave alpha-n + tensor,Kamimura2023,Eq.30,contested,intrinsic (pre-reactivation),false,false,Modern value; ~7% below legacy 0.91-0.93%; explains 2001 high-density obs,,,,recommended,intrinsic,n/a
omega_s0_legacy,Initial sticking (legacy literature value),0.91,percent,0.02,theory-spread,dtmu J=v=0,Markushin1988,-,contested,intrinsic,false,true,Older standard 0.91-0.93%; superseded by Kamimura2023 but still widely cited,,,,superseded,intrinsic,n/a
R_col,Collisional reactivation (stripping) fraction,0.35,fraction,0.05,model,phi~1.25; liquid-scale slowing-down,KouChen2026,Eq.33,contested,liquid; phi<=1.45,false,false,1-R_col=0.65; historically 0.25-0.35; expected to rise with density (DAC question),,,,,liquid,DT
R_X,External-field-assisted reactivation fraction (second successive factor),0.0,fraction,0.0,model,external-field-assisted stripping of the bound (alpha-mu)+; R_X = f_X*P_X*eta_X,KouChen2026,external-field decomposition omega_s_eff = omega_s0 (1-R_col)(1-R_X),contested,external-field scenario knob; 0.0 = field-off baseline,true,true,"SECOND SUCCESSIVE factor after R_col, never an additive term: survival probabilities multiply, so total R = 1-(1-R_col)(1-R_X). Ships at 0.0 (field-off), which reduces the model to the collision-only baseline EXACTLY and leaves every previously published number unchanged. A required TOTAL R must not be compared against R_col alone.",,,,,any,DT
lambda_dtmu_peak,Resonant dtmu formation rate at resonance peak,7.1e9,s^-1,1.8e9,exp,E_cm=0.423+-0.036 eV; tmu F=1; ortho-D2; atomic beam,Fujiwara2000,-,established,epithermal/beam,false,false,Vesman resonance peak (Fujiwara 2000; value as cited by Yamashita-Kino 2022); an alt 8.7e9 is also reported,,,,,gas,D2
eta_dtmu,Epithermal enhancement factor on lambda_dtmu,1.0,dimensionless,-,model,applied to Faifman theory rate; Yamashita-Kino fit eta=5,YamashitaKino2022,EVM,contested,gas/epithermal,false,true,"eta=1 (bare theory) to 5 (fit): the eta=1-vs-5 debate; upgrade path = Phase-3 condensed-matter S(q,omega)",asym_interval,1.0,5.0,,gas,D2
lambda_dtmu_lowT,"Resonant dtmu formation rate, low-T epithermal point",2e10,s^-1,0.0,theory,E=0.2 eV; T=30 K,Faifman1989,-,contested,epithermal,true,true,"Single quoted value; full lambda_dtmu(T,phi,F) grid to digitize in Phase 2",,,,,gas,D2
lambda_dtmu_900K,"Resonant dtmu formation rate, Maxwellian-averaged",2.3e9,s^-1,0.0,theory,Maxwellian average; T=900 K,Faifman1989,-,contested,thermal,false,true,Maxwellian-averaged high-T value,,,,,gas,D2
lambda_dt_transfer,Isotopic muon transfer rate dmu -> tmu,2.8e8,s^-1,0.4e8,exp,x phi x c_t; liquid-normalized; the coefficient of the printed 20-500 K temperature factor,Jones1986,p.589,contested,liquid-normalized,true,false,"Jones et al. (1986) print lambda_dt ~ [1 + (6+-1)e-4 T](280+-40)e6 s^-1 for the temperature range 20-500 K (p.589) and write the transfer rate as phi*lambda_dt*C_t, with phi relative to liquid-hydrogen density (p.588): the x-phi-x-c_t convention of this ledger. The value is the printed coefficient; the temperature factor is not applied (openmucf/cycle.py reads the value alone). Footnote 12, attached to the sentence that introduces the paper's global fit, reads: quoted errors reflect statistical uncertainty, and a further 13% systematic uncertainty arises mainly from the uncertainty in neutron detection efficiency; unc is the printed +-40e6 alone. Moves the muon onto tritium.",,,,,liquid,DT
lambda_10_spinflip,tmu hyperfine spin-flip F=1 -> F=0 rate,7e8,s^-1,3e8,table,x phi; liquid-scale,Faifman1989,-,contested,liquid-scale,true,true,"[VERIFY] order-of-magnitude; sets cycle substructure, weak effect on X_mu",,,,,liquid,any
E_mu_cost,Muon production energy cost,5.0,GeV,3.0,estimate,accelerator-dependent; per muon delivered,Breunlich1989,-,contested,systems-level,false,true,"Range 2-10 GeV; dominant cost; sets scientific breakeven X_mu~284; evaluation_basis: design-study floor, unbuilt source; single accounting home = the muon-cost compilation (openmucf/data/muon_cost.csv, forthcoming); this row becomes a pointer to its recommended tier when that lands",,,,,any,n/a
lambda_c_liquid,"Measured d-t cycling-rate band, actual rate at the liquid anchor (phi~1.2)",1.30e8,s^-1,0.0,exp,"actual (NOT phi=1-normalized) rate at liquid anchor phi~1.2; c_t~0.5; band spans the Yamashita-Kino band lower edge (Fig.3a, quoted normalized at phi=0.4; treated conservatively as actual-liquid, see FORECAST_PROTOCOL) to the Breunlich max measured 1.45e8",Breunlich1989;YamashitaKino2022,-,contested,liquid; 20-800 K band,false,true,"phi=1-normalized convention: lambda_c_tilde = lambda_c_liquid / 1.2 (the FC-001 registered definition); was previously only implicit (validation_targets V_breunlich_lambdac + a uq.py hand-copy); needs_verification until the Breunlich 1.45e8 full-text pin lands NOTE: this is the LIQUID maximum; a HIGHER cycle rate (1.93e8, ledger lambda_c_solid_12K) is reported at the 12 K solid non-equilibrated condition with its own paired sticking -- see that row. The decay-only cap is lambda_c/lambda_mu_decay and is therefore condition-dependent, never universal.",uniform,1.00e8,1.45e8,,liquid,DT
lambda_c_solid_12K,Measured d-t cycling rate at the SIN 12 K solid non-equilibrated anchor,1.93e8,s^-1,0.0,exp,12 K SOLID non-equilibrated D2+T2; c_t=0.4 (SIN); NOT the liquid condition,Crowe1987,abstract,contested,solid; 12 K; non-equilibrated; OUTSIDE the liquid box (phi<=1.45),true,true,"Highest reported dt cycle rate. CONDITION-PAIRED with omega_s_eff_solid_12K=0.57 percent from the SAME measurement: the condition that buys the faster cycle also carried HIGHER sticking, so the yield rose only 113 -> 124. The two anchors are not interchangeable inputs and must not be mixed with the liquid omega_s_eff. Decay-only cap = value/lambda_mu_decay = 424.0 (vs 318.5 at the liquid anchor).",,,,,solid,DT
omega_s_eff_solid_12K,Effective sticking measured at the SIN 12 K solid non-equilibrated anchor,0.57,percent,0.0,exp,12 K SOLID non-equilibrated D2+T2; c_t=0.4 (SIN); paired with lambda_c_solid_12K,Crowe1987,abstract,contested,solid; 12 K; non-equilibrated; OUTSIDE the liquid box,true,true,CONDITION-PAIRED with lambda_c_solid_12K=1.93e8. Closed form reproduces the published yield: 1.93e8/(lambda_mu_decay + 0.0057*1.93e8) = 124.1 vs published 124+-10.,,,,,solid,DT
lambda_ttmu,"ttmu (tt muonic molecule) formation rate, x phi x c_t",0.0,s^-1,0.0,table,x phi x c_t; liquid-tritium-normalized; tt side-branch formation out of the tmu pool,Bogdanova2009tt,-,contested,liquid; c_t~0.5 D/T and pure tritium,true,true,"blocked: not normalizable from the in-hand primary; pending acquisition of the Matsuzaki/Bom tt-fusion formation-rate tables (Muon Catal. Fusion / JINR). The in-hand primary is JINR preprint E15-2008-99: Table 1, Combined column, gives lambda_ttmu = 2.84 +- 0.32 (10^6 s^-1) for liquid tritium at 22.5 K and 1.25 LHD (sec. 2.3, p.6). Two of its passages read that rate differently. Systematic (a) on p.13 includes the 1.3% uncertainty in the tritium density in the total error for lambda_ttmu, as a rate divided by the density would need; Eq. (2), lambda_C = lambda_f*lambda_ttmu/(lambda_f + lambda_ttmu), returns the cycling rate stated on p.13 (2.4 us^-1) from the Table 1 values with lambda_ttmu unscaled, as the rate in the target. Read as in-target, the value in this row's x-phi-x-c_t convention is the tabled rate divided by 1.25 (c_t ~ 1: less than 1% deuterium and protium, p.7); read as density-normalized, it is the tabled rate. The two readings differ by more than the quoted uncertainty, so the row ships 0.0 (tt channel inert). include_loss_channels=True with a 0.0 rate is a no-op.",,,,,liquid,T2
omega_tt,tt-branch effective muon-loss fraction (mu sticking to He in tt fusion),0.139,fraction,0.015,exp,"per tt fusion; liquid tritium, 22.5 K, 1.25 LHD (JINR)",Bogdanova2009tt,Table 1 (Combined),contested,tt cycle; liquid,true,false,"JINR preprint E15-2008-99, Table 1, Combined column: omega_tt = 13.9 +- 1.5 %, the preprint's probability of muon sticking to helium, whose errors it states include both statistical and systematic uncertainties (p.13); stored here as a fraction. openmucf/cycle.py uses this value unscaled, so it is pinned where lambda_ttmu is not. The tt CHANNEL remains inert because its formation rate lambda_ttmu is 0.0 (blocked; see that row); this fraction is recorded for the re-attribution once lambda_ttmu is normalized.",,,,,liquid,T2
lambda_dhe3,"d-mu + 3He muon-scavenging rate (3He-mu-d complex formation), x phi x c_He",1.92e8,s^-1,0.03e8,exp,LHD-normalized (phi=1); scavenging out of the dmu pool as 3He accumulates from tritium decay,Fotev2020,lambda_d3He=192(3)e6 s^-1,contested,gas/liquid; c_He-dependent burn-time scenarios,true,true,"3He-mu-d molecular-complex formation rate lambda_d3He=192(3)e6 s^-1 (Fotev et al. 2020, arXiv:2001.09927; open, verified 2026-07-08) used as the dmu+3He scavenging proxy; matches MODEL_SPEC sec.8 lambda_dHe~1.9e8. needs_verification: molecular-formation-vs-direct-transfer identification and the LHD normalization pending a full-text pin. Absent from the validation anchors (He-purged/fresh fills), so channels-off v1 numbers are unaffected.",,,,,any,n/a
