Z,A,parity_value,parity_unc,published_cells_at_z,equal_count,equal_locators
1,1,0.000725,0.000017,Table III p.2217 row 4 1H^b 420+-20 [s^-1]; Table III p.2217 row 5 1H^b 420+-60 [s^-1]; Table III p.2217 row 6 1H^b 470+-29 [s^-1],0,
2,3,0.002149,0.00017,Table III p.2217 row 7 3He 2170+170(-430) [s^-1]; Table III p.2217 row 8 3He 2140+-200 [s^-1]; Table III p.2217 row 9 4He 336+-75 [s^-1]; Table III p.2217 row 10 4He 375+30(-300) [s^-1]; Table III p.2217 row 11 4He 364+-46 [s^-1],0,
2,4,0.000356,0.000026,Table III p.2217 row 7 3He 2170+170(-430) [s^-1]; Table III p.2217 row 8 3He 2140+-200 [s^-1]; Table III p.2217 row 9 4He 336+-75 [s^-1]; Table III p.2217 row 10 4He 375+30(-300) [s^-1]; Table III p.2217 row 11 4He 364+-46 [s^-1],0,
3,6,0.004647,0.00012,Table III p.2217 row 12 6Li 6100+-1400 [s^-1]; Table III p.2217 row 13 6Li 4680+-120 [s^-1]; Table III p.2217 row 14 6Li 4180+-450 [s^-1]; Table III p.2217 row 15 7Li 1800+-1100 [s^-1]; Table III p.2217 row 16 7Li 2260+-120 [s^-1]; Table III p.2217 row 17 7Li 1810+-440 [s^-1],0,
3,7,0.002229,0.00012,Table III p.2217 row 12 6Li 6100+-1400 [s^-1]; Table III p.2217 row 13 6Li 4680+-120 [s^-1]; Table III p.2217 row 14 6Li 4180+-450 [s^-1]; Table III p.2217 row 15 7Li 1800+-1100 [s^-1]; Table III p.2217 row 16 7Li 2260+-120 [s^-1]; Table III p.2217 row 17 7Li 1810+-440 [s^-1],0,
4,9,0.006107,0.00019,Table III p.2217 row 18 Be 18+-10x10^3 [s^-1]; Table III p.2217 row 19 Be 10+-2x10^3 [s^-1]; Table III p.2217 row 20 Be 5.9+-0.2x10^3 [s^-1]; Table III p.2217 row 21 Be 7.4+-0.5x10^3 [s^-1],0,
5,10,0.02757,0.00063,Table III p.2217 row 22 10B 26.5+-1.5x10^3 [s^-1]; Table III p.2217 row 23 10B 27.8+-0.7x10^3 [s^-1]; Table III p.2217 row 24 11B 21.8+-1.6x10^3 [s^-1]; Table III p.2217 row 25 11B 21.9+-0.7x10^3 [s^-1],0,
5,11,0.02188,0.00064,Table III p.2217 row 22 10B 26.5+-1.5x10^3 [s^-1]; Table III p.2217 row 23 10B 27.8+-0.7x10^3 [s^-1]; Table III p.2217 row 24 11B 21.8+-1.6x10^3 [s^-1]; Table III p.2217 row 25 11B 21.9+-0.7x10^3 [s^-1],0,
6,12,0.03807,0.00031,Table III p.2217 row 26 C 44+-10x10^3 [s^-1]; Table III p.2217 row 27 C 36+-4x10^3 [s^-1]; Table III p.2217 row 28 C 37.3+-1.1x10^3 [s^-1]; Table III p.2217 row 29 C 36.1+-1.0x10^3 [s^-1]; Table III p.2217 row 30 C 37+-7x10^3 [s^-1]; Table III p.2217 row 31 C 39.7+-1.3x10^3 [s^-1]; Table III p.2217 row 32 C 36.5+-2.0x10^3 [s^-1]; Table III p.2217 row 33 C 30.3+-7x10^3 [s^-1]; Table III p.2217 row 34 C 37.6+-0.4x10^3 [s^-1]; Table III p.2217 row 35 C 35.2+-2.0x10^3 [s^-1]; Table III p.2217 row 36 C 37.7+-0.7x10^3 [s^-1]; Table III p.2217 row 37 C 38.8+-0.5x10^3 [s^-1]; Table III p.2217 row 38 13C 33.8+-0.4x10^3 [s^-1]; Table III p.2217 row 39 13C 37.6+-0.7x10^3 [s^-1],0,
6,13,0.03474,0.00034,Table III p.2217 row 26 C 44+-10x10^3 [s^-1]; Table III p.2217 row 27 C 36+-4x10^3 [s^-1]; Table III p.2217 row 28 C 37.3+-1.1x10^3 [s^-1]; Table III p.2217 row 29 C 36.1+-1.0x10^3 [s^-1]; Table III p.2217 row 30 C 37+-7x10^3 [s^-1]; Table III p.2217 row 31 C 39.7+-1.3x10^3 [s^-1]; Table III p.2217 row 32 C 36.5+-2.0x10^3 [s^-1]; Table III p.2217 row 33 C 30.3+-7x10^3 [s^-1]; Table III p.2217 row 34 C 37.6+-0.4x10^3 [s^-1]; Table III p.2217 row 35 C 35.2+-2.0x10^3 [s^-1]; Table III p.2217 row 36 C 37.7+-0.7x10^3 [s^-1]; Table III p.2217 row 37 C 38.8+-0.5x10^3 [s^-1]; Table III p.2217 row 38 13C 33.8+-0.4x10^3 [s^-1]; Table III p.2217 row 39 13C 37.6+-0.7x10^3 [s^-1],0,
7,14,0.06885,0.00057,Table III p.2217 row 40 N 86+-11x10^3 [s^-1]; Table III p.2217 row 41 N 65+-4x10^3 [s^-1]; Table III p.2217 row 42 N 60.2+-0.8x10^3 [s^-1]; Table III p.2217 row 43 N 68.4+-0.8x10^3 [s^-1]; Table III p.2217 row 44 N 69.3+-0.8x10^3 [s^-1],0,
8,16,0.10242,0.00059,Table III p.2217 row 45 O 159+-14x10^3 [s^-1]; Table III p.2217 row 46 O 98+-3x10^3 [s^-1]; Table III p.2217 row 47 O 98+-5x10^3 [s^-1]; Table III p.2217 row 48 O 95+-8x10^3 [s^-1]; Table III p.2217 row 49 O 102.6+-0.6x10^3 [s^-1]; Table III p.2217 row 50 18O 88.0+-1.5x10^3 [s^-1],0,
8,18,0.0880,0.0015,Table III p.2217 row 45 O 159+-14x10^3 [s^-1]; Table III p.2217 row 46 O 98+-3x10^3 [s^-1]; Table III p.2217 row 47 O 98+-5x10^3 [s^-1]; Table III p.2217 row 48 O 95+-8x10^3 [s^-1]; Table III p.2217 row 49 O 102.6+-0.6x10^3 [s^-1]; Table III p.2217 row 50 18O 88.0+-1.5x10^3 [s^-1],1,Table III p.2217 row 50
9,19,0.22905,0.00099,Table III p.2217 row 51 F 254+-22x10^3 [s^-1]; Table III p.2217 row 52 F 235+-10x10^3 [s^-1]; Table III p.2217 row 53 F 231+-6x10^3 [s^-1]; Table III p.2217 row 54 F 229+-1x10^3 [s^-1],1,Table III p.2217 row 54
10,20,0.2288,0.0045,Table IV p.2218 row 3 Ne 0.204+-0.010 [10^6/s]; Table IV p.2218 row 4 Ne 0.167+-0.030 [10^6/s]; Table IV p.2218 row 5 Ne 0.30+-0.02 [10^6/s]; Table IV p.2218 row 6 Ne 0.235+-0.005 [10^6/s],0,
11,23,0.3773,0.0014,Table IV p.2218 row 7 Na 0.387+-0.015 [10^6/s]; Table IV p.2218 row 8 Na 0.3772+-0.0014 [10^6/s],0,
12,24,0.4823,0.0013,Table IV p.2218 row 9 Mg 0.507+-0.020 [10^6/s]; Table IV p.2218 row 10 Mg 0.480+-0.002 [10^6/s]; Table IV p.2218 row 11 Mg 0.52+-0.02 [10^6/s]; Table IV p.2218 row 12 Mg 0.4841+-0.0018 [10^6/s],0,
13,27,0.6985,0.0012,Table IV p.2218 row 13 Al 0.691+-0.020 [10^6/s]; Table IV p.2218 row 14 Al 0.662+-0.003 [10^6/s]; Table IV p.2218 row 15 Al 0.650+-0.015 [10^6/s]; Table IV p.2218 row 16 Al 0.7054+-0.0013 [10^6/s],0,
14,28,0.8656,0.0015,Table IV p.2218 row 17 Si 0.777+-0.025 [10^6/s]; Table IV p.2218 row 18 Si 0.850+-0.003 [10^6/s]; Table IV p.2218 row 19 Si 0.86+-0.04 [10^6/s]; Table IV p.2218 row 20 Si 0.8712+-0.0018 [10^6/s],0,
15,31,1.1681,0.0026,Table IV p.2218 row 21 P 1.05+-0.05 [10^6/s]; Table IV p.2218 row 22 P 1.121+-0.005 [10^6/s]; Table IV p.2218 row 23 P 1.185+-0.003 [10^6/s],0,
16,32,1.3510,0.0029,Table IV p.2218 row 24 S 1.39+-0.09 [10^6/s]; Table IV p.2218 row 25 S 1.31+-0.03 [10^6/s]; Table IV p.2218 row 26 S 1.34+-0.01 [10^6/s]; Table IV p.2218 row 27 S 1.352+-0.003 [10^6/s],0,
17,35,1.800,0.050,Table IV p.2218 row 28 Cl 1.39+-0.09 [10^6/s]; Table IV p.2218 row 29 Cl 1.333+-0.006 [10^6/s]; Table IV p.2218 row 30 35Cl 1.80+-0.05 [10^6/s]; Table IV p.2218 row 31 37Cl 1.25+-0.05 [10^6/s]; Table IV p.2218 row 32 natCl 1.64+-0.08 [10^6/s],1,Table IV p.2218 row 30
17,37,1.250,0.050,Table IV p.2218 row 28 Cl 1.39+-0.09 [10^6/s]; Table IV p.2218 row 29 Cl 1.333+-0.006 [10^6/s]; Table IV p.2218 row 30 35Cl 1.80+-0.05 [10^6/s]; Table IV p.2218 row 31 37Cl 1.25+-0.05 [10^6/s]; Table IV p.2218 row 32 natCl 1.64+-0.08 [10^6/s],1,Table IV p.2218 row 31
18,40,1.2727,0.0650,Table IV p.2218 row 33 Ar 1.20+-0.08 [10^6/s]; Table IV p.2218 row 34 Ar 1.41+-0.11 [10^6/s],0,
19,39,1.8492,0.0050,Table IV p.2218 row 35 K 1.99+-0.12 [10^6/s]; Table IV p.2218 row 36 K 1.849+-0.005 [10^6/s],1,Table IV p.2218 row 36
20,40,2.5359,0.0070,Table IV p.2218 row 37 Ca 2.55+-0.05 [10^6/s]; Table IV p.2218 row 38 Ca 2.444+-0.023 [10^6/s]; Table IV p.2218 row 39 Ca 2.529+-0.008 [10^6/s]; Table IV p.2218 row 40 Ca 2.29+-0.05 [10^6/s]; Table IV p.2218 row 41 Ca 2.557+-0.014 [10^6/s]; Table IV p.2218 row 42 43.8Ca 1.793+-0.040 [10^6/s],0,
21,45,2.711,0.025,Table IV p.2218 row 43 Sc 2.711+-0.025 [10^6/s],1,Table IV p.2218 row 43
22,48,2.5908,0.0115,Table IV p.2218 row 44 Ti 2.63+-0.06 [10^6/s]; Table IV p.2218 row 45 Ti 2.60+-0.04 [10^6/s]; Table IV p.2218 row 46 Ti 2.590+-0.012 [10^6/s],0,
23,51,3.073,0.022,Table IV p.2218 row 47 V 3.37+-0.06 [10^6/s]; Table IV p.2218 row 48 V 3.24+-0.07 [10^6/s]; Table IV p.2218 row 49 V 3.09+-0.05 [10^6/s]; Table IV p.2218 row 50 V 3.069+-0.025 [10^6/s],0,
24,50,3.825,0.050,Table IV p.2218 row 51 Cr 3.24+-0.08 [10^6/s]; Table IV p.2218 row 52 Cr 3.33+-0.06 [10^6/s]; Table IV p.2218 row 53 Cr 3.472+-0.031 [10^6/s]; Table IV p.2218 row 54 50Cr 3.825+-0.050 [10^6/s]; Table IV p.2218 row 55 52Cr 3.452+-0.047 [10^6/s]; Table IV p.2218 row 56 53Cr 3.297+-0.045 [10^6/s]; Table IV p.2218 row 57 54Cr 3.057+-0.042 [10^6/s]; Table IV p.2218 row 58 natCr 3.444+-0.047 [10^6/s],1,Table IV p.2218 row 54
24,52,3.465,0.026,Table IV p.2218 row 51 Cr 3.24+-0.08 [10^6/s]; Table IV p.2218 row 52 Cr 3.33+-0.06 [10^6/s]; Table IV p.2218 row 53 Cr 3.472+-0.031 [10^6/s]; Table IV p.2218 row 54 50Cr 3.825+-0.050 [10^6/s]; Table IV p.2218 row 55 52Cr 3.452+-0.047 [10^6/s]; Table IV p.2218 row 56 53Cr 3.297+-0.045 [10^6/s]; Table IV p.2218 row 57 54Cr 3.057+-0.042 [10^6/s]; Table IV p.2218 row 58 natCr 3.444+-0.047 [10^6/s],0,
24,53,3.297,0.045,Table IV p.2218 row 51 Cr 3.24+-0.08 [10^6/s]; Table IV p.2218 row 52 Cr 3.33+-0.06 [10^6/s]; Table IV p.2218 row 53 Cr 3.472+-0.031 [10^6/s]; Table IV p.2218 row 54 50Cr 3.825+-0.050 [10^6/s]; Table IV p.2218 row 55 52Cr 3.452+-0.047 [10^6/s]; Table IV p.2218 row 56 53Cr 3.297+-0.045 [10^6/s]; Table IV p.2218 row 57 54Cr 3.057+-0.042 [10^6/s]; Table IV p.2218 row 58 natCr 3.444+-0.047 [10^6/s],1,Table IV p.2218 row 56
24,54,3.057,0.042,Table IV p.2218 row 51 Cr 3.24+-0.08 [10^6/s]; Table IV p.2218 row 52 Cr 3.33+-0.06 [10^6/s]; Table IV p.2218 row 53 Cr 3.472+-0.031 [10^6/s]; Table IV p.2218 row 54 50Cr 3.825+-0.050 [10^6/s]; Table IV p.2218 row 55 52Cr 3.452+-0.047 [10^6/s]; Table IV p.2218 row 56 53Cr 3.297+-0.045 [10^6/s]; Table IV p.2218 row 57 54Cr 3.057+-0.042 [10^6/s]; Table IV p.2218 row 58 natCr 3.444+-0.047 [10^6/s],1,Table IV p.2218 row 57
25,55,3.900,0.030,Table IV p.2218 row 59 Mn 3.67+-0.08 [10^6/s]; Table IV p.2218 row 60 Mn 3.98+-0.05 [10^6/s]; Table IV p.2219 row 3 Mn 3.857+-0.037 [10^6/s],0,
26,56,4.408,0.022,Table IV p.2219 row 4 Fe 4.53+-0.10 [10^6/s]; Table IV p.2219 row 5 Fe 4.38+-0.07 [10^6/s]; Table IV p.2219 row 6 Fe 4.40+-0.05 [10^6/s]; Table IV p.2219 row 7 Fe 4.411+-0.024 [10^6/s],0,
27,59,4.945,0.025,Table IV p.2219 row 8 Co 4.89+-0.09 [10^6/s]; Table IV p.2219 row 9 Co 4.96+-0.05 [10^6/s]; Table IV p.2219 row 10 Co 4.940+-0.029 [10^6/s],0,
28,58,6.11,0.10,Table IV p.2219 row 11 Ni 6.03+-0.14 [10^6/s]; Table IV p.2219 row 12 Ni 5.89+-0.12 [10^6/s]; Table IV p.2219 row 13 Ni 5.83+-0.13 [10^6/s]; Table IV p.2219 row 14 Ni 5.932+-0.041 [10^6/s]; Table IV p.2219 row 15 58Ni 6.11+-0.10 [10^6/s]; Table IV p.2219 row 16 60Ni 5.56+-0.10 [10^6/s]; Table IV p.2219 row 17 62Ni 4.72+-0.10 [10^6/s]; Table IV p.2219 row 18 natNi 5.88+-0.10 [10^6/s],1,Table IV p.2219 row 15
28,60,5.56,0.10,Table IV p.2219 row 11 Ni 6.03+-0.14 [10^6/s]; Table IV p.2219 row 12 Ni 5.89+-0.12 [10^6/s]; Table IV p.2219 row 13 Ni 5.83+-0.13 [10^6/s]; Table IV p.2219 row 14 Ni 5.932+-0.041 [10^6/s]; Table IV p.2219 row 15 58Ni 6.11+-0.10 [10^6/s]; Table IV p.2219 row 16 60Ni 5.56+-0.10 [10^6/s]; Table IV p.2219 row 17 62Ni 4.72+-0.10 [10^6/s]; Table IV p.2219 row 18 natNi 5.88+-0.10 [10^6/s],1,Table IV p.2219 row 16
28,62,4.72,0.10,Table IV p.2219 row 11 Ni 6.03+-0.14 [10^6/s]; Table IV p.2219 row 12 Ni 5.89+-0.12 [10^6/s]; Table IV p.2219 row 13 Ni 5.83+-0.13 [10^6/s]; Table IV p.2219 row 14 Ni 5.932+-0.041 [10^6/s]; Table IV p.2219 row 15 58Ni 6.11+-0.10 [10^6/s]; Table IV p.2219 row 16 60Ni 5.56+-0.10 [10^6/s]; Table IV p.2219 row 17 62Ni 4.72+-0.10 [10^6/s]; Table IV p.2219 row 18 natNi 5.88+-0.10 [10^6/s],1,Table IV p.2219 row 17
29,63,5.691,0.030,Table IV p.2219 row 19 Cu 5.79+-0.16 [10^6/s]; Table IV p.2219 row 20 Cu 5.47+-0.20 [10^6/s]; Table IV p.2219 row 21 Cu 5.66+-0.09 [10^6/s]; Table IV p.2219 row 22 Cu 5.67+-0.09 [10^6/s]; Table IV p.2219 row 23 Cu 5.676+-0.037 [10^6/s]; Table IV p.2219 row 24 63Cu 5.72+-0.05 [10^6/s],0,
30,66,5.806,0.031,Table IV p.2219 row 25 Zn 5.76+-0.17 [10^6/s]; Table IV p.2219 row 26 Zn 5.5+-0.1 [10^6/s]; Table IV p.2219 row 27 Zn 5.76+-0.05 [10^6/s]; Table IV p.2219 row 28 Zn 5.834+-0.039 [10^6/s],0,
31,69,5.700,0.060,Table IV p.2219 row 29 Ga 5.70+-0.06 [10^6/s],1,Table IV p.2219 row 29
32,72,5.561,0.031,Table IV p.2219 row 30 Ge 5.54+-0.06 [10^6/s]; Table IV p.2219 row 31 Ge 5.569+-0.036 [10^6/s],0,
33,75,6.094,0.037,Table IV p.2219 row 32 As 6.07+-0.07 [10^6/s]; Table IV p.2219 row 33 As 6.06+-0.12 [10^6/s]; Table IV p.2219 row 34 As 6.104+-0.043 [10^6/s],0,
34,80,5.687,0.030,Table IV p.2219 row 35 Se 5.70+-0.05 [10^6/s]; Table IV p.2219 row 36 Se 5.681+-0.037 [10^6/s],0,
35,79,7.223,0.28,Table IV p.2219 row 37 79Br 7.05+-0.35 [10^6/s]; Table IV p.2219 row 38 81Br 7.55+-0.48 [10^6/s]; Table IV p.2219 row 39 Br 7.07+-0.06 [10^6/s],0,
35,81,7.547,0.48,Table IV p.2219 row 37 79Br 7.05+-0.35 [10^6/s]; Table IV p.2219 row 38 81Br 7.55+-0.48 [10^6/s]; Table IV p.2219 row 39 Br 7.07+-0.06 [10^6/s],1,Table IV p.2219 row 38
37,85,6.89,0.14,Table IV p.2219 row 40 Rb 6.89+-0.14 [10^6/s],1,Table IV p.2219 row 40
38,88,6.93,0.12,Table IV p.2219 row 41 Sr 7.25+-0.14 [10^6/s]; Table IV p.2219 row 42 Sr 7.02+-0.14 [10^6/s]; Table IV p.2219 row 43 88Sr 6.61+-0.27 [10^6/s],0,
39,89,7.89,0.11,Table IV p.2219 row 44 Y 7.89+-0.11 [10^6/s],1,Table IV p.2219 row 44
40,91,8.620,0.053,Table IV p.2219 row 45 Zr 8.59+-0.07 [10^6/s]; Table IV p.2219 row 46 Zr 8.66+-0.08 [10^6/s],0,
41,93,10.38,0.11,Table IV p.2219 row 47 Nb 10.40+-0.14 [10^6/s]; Table IV p.2219 row 48 Nb 10.36+-0.17 [10^6/s],0,
42,96,9.298,0.063,Table IV p.2219 row 49 Mo 9.09+-0.18 [10^6/s]; Table IV p.2219 row 50 Mo 9.23+-0.07 [10^6/s]; Table IV p.2219 row 51 Mo 9.614+-0.15 [10^6/s],0,
45,103,10.010,0.045,Table IV p.2219 row 52 Rh 10.01+-0.07 [10^6/s],0,
46,106,10.000,0.070,Table IV p.2219 row 53 Pd 10.00+-0.07 [10^6/s],1,Table IV p.2219 row 53
47,107,10.869,0.095,Table IV p.2219 row 54 Ag 11.25+-0.50 [10^6/s]; Table IV p.2219 row 55 Ag 10.86+-0.13 [10^6/s]; Table IV p.2219 row 56 Ag 10.88+-0.14 [10^6/s]; Table IV p.2219 row 57 Ag 10.5+-0.3 [10^6/s]; Table IV p.2219 row 58 Ag 11.07+-0.20 [10^6/s],0,
48,112,10.624,0.094,Table IV p.2219 row 59 Cd 10.1+-0.5 [10^6/s]; Table IV p.2219 row 60 Cd 10.63+-0.11 [10^6/s]; Table IV p.2220 row 3 Cd 10.61+-0.18 [10^6/s],0,
49,115,11.38,0.11,Table IV p.2220 row 4 In 11.37+-0.13 [10^6/s]; Table IV p.2220 row 5 In 11.40+-0.21 [10^6/s],0,
50,119,10.60,0.11,Table IV p.2220 row 6 Sn 10.5+-0.4 [10^6/s]; Table IV p.2220 row 7 Sn 10.70+-0.14 [10^6/s]; Table IV p.2220 row 8 Sn 10.44+-0.18 [10^6/s],0,
51,121,10.40,0.12,Table IV p.2220 row 9 Sb 10.49+-0.14 [10^6/s]; Table IV p.2220 row 10 Sb 10.21+-0.20 [10^6/s],0,
52,128,9.174,0.074,Table IV p.2220 row 11 Te 9.06+-0.11 [10^6/s]; Table IV p.2220 row 12 Te 9.27+-0.10 [10^6/s],0,
53,127,11.276,0.098,Table IV p.2220 row 13 I 11.20+-0.11 [10^6/s]; Table IV p.2220 row 14 I 11.58+-0.22 [10^6/s],0,
55,133,10.98,0.25,Table IV p.2220 row 15 Cs 10.98+-0.25 [10^6/s],1,Table IV p.2220 row 15
56,138,10.112,0.085,Table IV p.2220 row 16 Ba 10.18+-0.10 [10^6/s]; Table IV p.2220 row 17 Ba 9.94+-0.16 [10^6/s],0,
57,139,10.71,0.10,Table IV p.2220 row 18 La 10.71+-0.10 [10^6/s],1,Table IV p.2220 row 18
58,140,11.501,0.087,Table IV p.2220 row 19 Ce 11.44+-0.11 [10^6/s]; Table IV p.2220 row 20 Ce 11.60+-0.14 [10^6/s],0,
59,141,13.45,0.13,Table IV p.2220 row 21 Pr 13.45+-0.13 [10^6/s],1,Table IV p.2220 row 21
60,144,12.35,0.13,Table IV p.2220 row 22 Nd 12.32+-0.14 [10^6/s]; Table IV p.2220 row 23 Nd 12.50+-0.33 [10^6/s],0,
62,150,12.22,0.17,Table IV p.2220 row 24 Sm 12.22+-0.17 [10^6/s],1,Table IV p.2220 row 24
64,157,12.00,0.13,Table IV p.2220 row 25 Gd 12.09+-0.16 [10^6/s]; Table IV p.2220 row 26 Gd 11.82+-0.22 [10^6/s],0,
65,159,12.73,0.13,Table IV p.2220 row 27 Th 12.73+-0.13 [10^6/s],1,Table IV p.2220 row 27
66,163,12.29,0.18,Table IV p.2220 row 28 Dy 12.29+-0.18 [10^6/s],1,Table IV p.2220 row 28
67,165,12.95,0.13,Table IV p.2220 row 29 Ho 12.95+-0.13 [10^6/s],1,Table IV p.2220 row 29
68,167,13.04,0.27,Table IV p.2220 row 30 Er 13.04+-0.27 [10^6/s],1,Table IV p.2220 row 30
72,178,13.03,0.21,Table IV p.2220 row 31 Hf 13.03+-0.21 [10^6/s],1,Table IV p.2220 row 31
73,181,12.86,0.13,Table IV p.2220 row 32 Ta 12.86+-0.13 [10^6/s],1,Table IV p.2220 row 32
74,184,12.76,0.16,Table IV p.2220 row 33 W 11.92+-0.30 [10^6/s]; Table IV p.2220 row 34 W 13.5+-0.6 [10^6/s]; Table IV p.2220 row 35 W 13.07+-0.21 [10^6/s]; Table IV p.2220 row 36 W 12.36+-0.24 [10^6/s],0,
79,197,13.35,0.10,Table IV p.2220 row 37 Au 13.39+-0.11 [10^6/s]; Table IV p.2220 row 38 Au 13.07+-0.28 [10^6/s],0,
80,201,12.74,0.18,Table IV p.2220 row 39 Hg 12.74+-0.26 [10^6/s]; Table IV p.2220 row 40 Hg 12.74+-0.26 [10^6/s],0,
81,205,13.85,0.17,Table IV p.2220 row 41 Tl 12.90+-0.75 [10^6/s]; Table IV p.2220 row 42 Tl 13.83+-0.20 [10^6/s]; Table IV p.2220 row 43 Tl 13.90+-0.31 [10^6/s],0,
82,207,13.295,0.071,Table IV p.2220 row 44 Pb 11.70+-0.75 [10^6/s]; Table IV p.2220 row 45 Pb 14.5+-0.7 [10^6/s]; Table IV p.2220 row 46 Pb 12.98+-0.10 [10^6/s]; Table IV p.2220 row 47 Pb 13.27+-0.22 [10^6/s]; Table IV p.2220 row 48 Pb 13.45+-0.18 [10^6/s]; Table IV p.2220 row 49 RPb^b 13.61+-0.10 [10^6/s],0,
83,209,13.238,0.065,Table IV p.2220 row 50 Bi 12.20+-0.75 [10^6/s]; Table IV p.2220 row 51 Bi 13.26+-0.07 [10^6/s]; Table IV p.2220 row 52 Bi 13.10+-0.18 [10^6/s],0,
90,232,12.555,0.049,Table IV p.2220 row 56 232Th^c (13.1+-0.9) [10^6/s]; Table IV p.2220 row 57 232Th^c (11.1+-0.6) [10^6/s]; Table IV p.2220 row 58 232Th^c (12.56+-0.05) [10^6/s]; Table IV p.2220 row 59 232Th^c (11.5+-0.6) [10^6/s]; Table IV p.2220 row 60 232Th^c (12.4+-0.3) [10^6/s],1,Table IV p.2220 row 58
92,238,12.592,0.035,Table IV p.2221 row 3 233U^c (15.8+-0.9) [10^6/s]; Table IV p.2221 row 4 233U^c (14.23+-0.15) [10^6/s]; Table IV p.2221 row 8 235U^c (13.7+-0.4) [10^6/s]; Table IV p.2221 row 9 235U^c (14.9+-0.6) [10^6/s]; Table IV p.2221 row 10 235U^c (14.7+-1.0) [10^6/s]; Table IV p.2221 row 11 235U^c (12.9+-0.4) [10^6/s]; Table IV p.2221 row 12 235U^c (13.3+-0.2) [10^6/s]; Table IV p.2221 row 13 235U^c (13.36+-0.12) [10^6/s]; Table IV p.2221 row 14 235U^c (13.58+-0.12) [10^6/s]; Table IV p.2221 row 15 236U^c (13.9+-0.4) [10^6/s]; Table IV p.2221 row 23 238U^c (12.4+-0.4) [10^6/s]; Table IV p.2221 row 24 238U^c (13.1+-0.5) [10^6/s]; Table IV p.2221 row 25 238U^c (12.9+-0.5) [10^6/s]; Table IV p.2221 row 26 238U^c (12.8+-0.2) [10^6/s]; Table IV p.2221 row 27 238U^c (12.60+-0.04) [10^6/s]; Table IV p.2221 row 28 238U^c (12.46+-0.09) [10^6/s]; Table IV p.2221 row 29 238U^c (12.50+-0.10) [10^6/s]; Table IV p.2221 row 30 238U^c (12.4+-0.4) [10^6/s]; Table IV p.2221 row 31 238U^c 12.57+-0.07 [10^6/s],0,
92,233,14.27,0.15,Table IV p.2221 row 3 233U^c (15.8+-0.9) [10^6/s]; Table IV p.2221 row 4 233U^c (14.23+-0.15) [10^6/s]; Table IV p.2221 row 8 235U^c (13.7+-0.4) [10^6/s]; Table IV p.2221 row 9 235U^c (14.9+-0.6) [10^6/s]; Table IV p.2221 row 10 235U^c (14.7+-1.0) [10^6/s]; Table IV p.2221 row 11 235U^c (12.9+-0.4) [10^6/s]; Table IV p.2221 row 12 235U^c (13.3+-0.2) [10^6/s]; Table IV p.2221 row 13 235U^c (13.36+-0.12) [10^6/s]; Table IV p.2221 row 14 235U^c (13.58+-0.12) [10^6/s]; Table IV p.2221 row 15 236U^c (13.9+-0.4) [10^6/s]; Table IV p.2221 row 23 238U^c (12.4+-0.4) [10^6/s]; Table IV p.2221 row 24 238U^c (13.1+-0.5) [10^6/s]; Table IV p.2221 row 25 238U^c (12.9+-0.5) [10^6/s]; Table IV p.2221 row 26 238U^c (12.8+-0.2) [10^6/s]; Table IV p.2221 row 27 238U^c (12.60+-0.04) [10^6/s]; Table IV p.2221 row 28 238U^c (12.46+-0.09) [10^6/s]; Table IV p.2221 row 29 238U^c (12.50+-0.10) [10^6/s]; Table IV p.2221 row 30 238U^c (12.4+-0.4) [10^6/s]; Table IV p.2221 row 31 238U^c 12.57+-0.07 [10^6/s],0,
92,235,13.470,0.085,Table IV p.2221 row 3 233U^c (15.8+-0.9) [10^6/s]; Table IV p.2221 row 4 233U^c (14.23+-0.15) [10^6/s]; Table IV p.2221 row 8 235U^c (13.7+-0.4) [10^6/s]; Table IV p.2221 row 9 235U^c (14.9+-0.6) [10^6/s]; Table IV p.2221 row 10 235U^c (14.7+-1.0) [10^6/s]; Table IV p.2221 row 11 235U^c (12.9+-0.4) [10^6/s]; Table IV p.2221 row 12 235U^c (13.3+-0.2) [10^6/s]; Table IV p.2221 row 13 235U^c (13.36+-0.12) [10^6/s]; Table IV p.2221 row 14 235U^c (13.58+-0.12) [10^6/s]; Table IV p.2221 row 15 236U^c (13.9+-0.4) [10^6/s]; Table IV p.2221 row 23 238U^c (12.4+-0.4) [10^6/s]; Table IV p.2221 row 24 238U^c (13.1+-0.5) [10^6/s]; Table IV p.2221 row 25 238U^c (12.9+-0.5) [10^6/s]; Table IV p.2221 row 26 238U^c (12.8+-0.2) [10^6/s]; Table IV p.2221 row 27 238U^c (12.60+-0.04) [10^6/s]; Table IV p.2221 row 28 238U^c (12.46+-0.09) [10^6/s]; Table IV p.2221 row 29 238U^c (12.50+-0.10) [10^6/s]; Table IV p.2221 row 30 238U^c (12.4+-0.4) [10^6/s]; Table IV p.2221 row 31 238U^c 12.57+-0.07 [10^6/s],0,
92,236,13.90,0.40,Table IV p.2221 row 3 233U^c (15.8+-0.9) [10^6/s]; Table IV p.2221 row 4 233U^c (14.23+-0.15) [10^6/s]; Table IV p.2221 row 8 235U^c (13.7+-0.4) [10^6/s]; Table IV p.2221 row 9 235U^c (14.9+-0.6) [10^6/s]; Table IV p.2221 row 10 235U^c (14.7+-1.0) [10^6/s]; Table IV p.2221 row 11 235U^c (12.9+-0.4) [10^6/s]; Table IV p.2221 row 12 235U^c (13.3+-0.2) [10^6/s]; Table IV p.2221 row 13 235U^c (13.36+-0.12) [10^6/s]; Table IV p.2221 row 14 235U^c (13.58+-0.12) [10^6/s]; Table IV p.2221 row 15 236U^c (13.9+-0.4) [10^6/s]; Table IV p.2221 row 23 238U^c (12.4+-0.4) [10^6/s]; Table IV p.2221 row 24 238U^c (13.1+-0.5) [10^6/s]; Table IV p.2221 row 25 238U^c (12.9+-0.5) [10^6/s]; Table IV p.2221 row 26 238U^c (12.8+-0.2) [10^6/s]; Table IV p.2221 row 27 238U^c (12.60+-0.04) [10^6/s]; Table IV p.2221 row 28 238U^c (12.46+-0.09) [10^6/s]; Table IV p.2221 row 29 238U^c (12.50+-0.10) [10^6/s]; Table IV p.2221 row 30 238U^c (12.4+-0.4) [10^6/s]; Table IV p.2221 row 31 238U^c 12.57+-0.07 [10^6/s],1,Table IV p.2221 row 15
93,237,13.58,0.18,Table IV p.2221 row 33 237Np^c (13.6+-0.2) [10^6/s]; Table IV p.2221 row 34 237Np^c (13.5+-0.4) [10^6/s],1,Table IV p.2221 row 33
94,239,13.90,0.20,Table IV p.2221 row 38 239Pu^c (13.1+-2.6) [10^6/s]; Table IV p.2221 row 39 239Pu^c (13.9+-0.9) [10^6/s]; Table IV p.2221 row 40 239Pu^c (13.9+-0.2) [10^6/s]; Table IV p.2221 row 41 239Pu^c (14.6+-2.0) [10^6/s]; Table IV p.2221 row 43 242Pu^c (12.9+-0.2) [10^6/s]; Table IV p.2221 row 44 242Pu^c (12.3+-0.8) [10^6/s],1,Table IV p.2221 row 40
94,242,12.86,0.19,Table IV p.2221 row 38 239Pu^c (13.1+-2.6) [10^6/s]; Table IV p.2221 row 39 239Pu^c (13.9+-0.9) [10^6/s]; Table IV p.2221 row 40 239Pu^c (13.9+-0.2) [10^6/s]; Table IV p.2221 row 41 239Pu^c (14.6+-2.0) [10^6/s]; Table IV p.2221 row 43 242Pu^c (12.9+-0.2) [10^6/s]; Table IV p.2221 row 44 242Pu^c (12.3+-0.8) [10^6/s],1,Table IV p.2221 row 43
